0.01805,0.02715,0.01197,0.05435,0.06545,0.29865,0.05127,0.17457,0.05880,0.23972,0.00015,0.00337,0.01127,0.03567,0.05835,0.18117,0.03220,0.13770,0.36935,0.17075,0.00055,0.01005,0.02007,0.05290,0.05180,0.15055,0.05137,0.12220,0.08857,0.45192,0.00632,0.04460,0.00670,0.06222,0.10060,0.20605,0.05387,0.11142,0.09402,0.31417,0.00257,0.00632,0.01217,0.03460,0.07165,0.16497,0.03625,0.14600,0.36807,0.15737,0.00307,0.01512,0.01787,0.05517,0.04587,0.14372,0.03617,0.12845,0.09552,0.45900,0.01320,0.03007,0.03032,0.06582,0.06402,0.23990,0.04137,0.11960,0.24972,0.14595,0.00000,0.00087,0.00890,0.04020,0.05087,0.19047,0.03490,0.13687,0.37132,0.16557,0.00390,0.02295,0.02687,0.03507,0.03235,0.08510,0.03567,0.12515,0.07265,0.56027,1.00000,0.00103,0.04862,0.00196,0.00107,0.00035,0.00001,0.00009,0.38247
0.00675,0.02172,0.01690,0.07767,0.07697,0.17182,0.06025,0.12395,0.09090,0.35305,0.01480,0.04112,0.04080,0.09762,0.08772,0.14917,0.06397,0.11065,0.06145,0.33267,0.01342,0.04867,0.03770,0.07825,0.09492,0.16197,0.05142,0.10222,0.06400,0.34740,0.00842,0.02582,0.02050,0.06962,0.06432,0.17682,0.07680,0.16257,0.20395,0.19115,0.00807,0.03797,0.03147,0.06650,0.06650,0.17075,0.07760,0.12722,0.21257,0.20132,0.02320,0.06672,0.02847,0.05135,0.05120,0.17232,0.06180,0.14277,0.07817,0.32397,0.00407,0.00865,0.01285,0.04327,0.04447,0.21402,0.08287,0.23015,0.14420,0.21542,0.01155,0.02842,0.03145,0.07925,0.06347,0.19170,0.03962,0.12835,0.06112,0.36505,0.00302,0.00637,0.00365,0.05895,0.05235,0.33137,0.06770,0.20335,0.19030,0.08292,1.00000,0.00306,0.00167,0.00328,0.00958,0.00183,0.00258,0.00205,0.44828
0.00000,0.00000,0.00717,0.04677,0.04035,0.28007,0.05147,0.21915,0.22037,0.13462,0.00000,0.00000,0.01377,0.06367,0.04595,0.28997,0.04167,0.18095,0.15022,0.21377,0.00130,0.00357,0.00797,0.05527,0.07415,0.23190,0.06582,0.18802,0.20067,0.17130,0.00000,0.00460,0.00700,0.04125,0.03122,0.24612,0.03652,0.21120,0.22362,0.19845,0.00000,0.01152,0.01950,0.04760,0.02917,0.21560,0.01297,0.13637,0.11332,0.41392,0.00007,0.00242,0.01500,0.03390,0.06105,0.21287,0.05382,0.16932,0.33197,0.11955,0.00000,0.00000,0.00692,0.04630,0.04275,0.23615,0.03235,0.18487,0.28342,0.16722,0.00000,0.00127,0.01302,0.04900,0.04255,0.22142,0.01402,0.14027,0.20960,0.30882,0.00075,0.00602,0.01087,0.03382,0.05342,0.21587,0.02132,0.11115,0.48072,0.06602,1.00000,0.03654,0.00072,0.05064,0.00085,0.00162,0.00151,0.00141,0.26966
0.12585,0.13480,0.05197,0.04012,0.03760,0.05560,0.02377,0.07572,0.06832,0.38622,0.11195,0.12635,0.06007,0.05007,0.04355,0.07640,0.03295,0.07555,0.05282,0.37027,0.11615,0.12307,0.05965,0.04752,0.03872,0.06487,0.02635,0.07672,0.07085,0.37607,0.11025,0.12985,0.06415,0.05625,0.05660,0.07135,0.03057,0.06937,0.05137,0.36022,0.10687,0.12172,0.07157,0.06537,0.05617,0.07635,0.03400,0.07410,0.04972,0.34410,0.08617,0.12642,0.08582,0.07060,0.11367,0.07962,0.03090,0.07122,0.04657,0.28897,0.11062,0.11610,0.05027,0.05930,0.08327,0.07440,0.03065,0.06490,0.05885,0.35162,0.09157,0.10475,0.08110,0.07272,0.10010,0.08085,0.04150,0.06695,0.04697,0.31347,0.07580,0.08755,0.06487,0.13365,0.18587,0.09357,0.03877,0.05005,0.03092,0.23892,0.00102,0.00807,0.25725,0.00390,0.00292,0.00215,0.00000,0.00000,0.25532
0.07552,0.10807,0.10880,0.11930,0.13802,0.13395,0.06552,0.04037,0.01860,0.19182,0.07452,0.09950,0.05877,0.12897,0.19870,0.08735,0.02747,0.05067,0.04182,0.23220,0.03007,0.07097,0.09990,0.13035,0.23710,0.11535,0.03970,0.03745,0.02612,0.21297,0.07890,0.10562,0.04805,0.08822,0.19780,0.06035,0.02670,0.06970,0.04675,0.27790,0.05632,0.12467,0.08142,0.12470,0.16960,0.08492,0.03002,0.05787,0.04320,0.22725,0.03765,0.07800,0.06265,0.14410,0.22465,0.11397,0.04890,0.04397,0.01975,0.22635,0.02442,0.03350,0.10202,0.16057,0.25982,0.12967,0.03510,0.04322,0.02425,0.18740,0.07232,0.08520,0.08495,0.16182,0.18232,0.08752,0.02832,0.04635,0.03337,0.21780,0.06147,0.10472,0.10432,0.15357,0.17902,0.13080,0.05290,0.03977,0.01577,0.15762,0.44297,0.48433,0.00088,0.00002,0.00116,0.00453,0.00786,0.00035,0.52336
0.10395,0.13422,0.06587,0.05515,0.03387,0.05115,0.03097,0.07310,0.07302,0.37867,0.07975,0.11055,0.04882,0.05360,0.04007,0.06997,0.02467,0.08055,0.07075,0.42125,0.08940,0.12465,0.09580,0.07675,0.04810,0.04317,0.03115,0.08027,0.06715,0.34355,0.11230,0.12707,0.06315,0.05250,0.04402,0.06197,0.02530,0.08192,0.06872,0.36302,0.07972,0.10662,0.04662,0.05790,0.04722,0.06902,0.02492,0.07545,0.06932,0.42317,0.09832,0.12485,0.07250,0.06992,0.05995,0.06597,0.02257,0.07327,0.06670,0.34592,0.07347,0.10400,0.09957,0.12790,0.10182,0.07362,0.02507,0.06285,0.04825,0.28342,0.08087,0.11715,0.04432,0.05580,0.03642,0.06270,0.02605,0.07835,0.07155,0.42677,0.08217,0.10107,0.10197,0.12167,0.08122,0.06805,0.03067,0.06715,0.04847,0.29752,0.17833,0.04000,0.15833,0.00105,0.00096,0.00041,0.00128,0.00037,0.47664
0.13477,0.13775,0.04802,0.03752,0.02880,0.05720,0.01945,0.07790,0.06962,0.38895,0.13322,0.13270,0.05565,0.03317,0.03187,0.06125,0.02617,0.07640,0.06677,0.38277,0.13450,0.13222,0.04980,0.04055,0.03585,0.05900,0.01887,0.07807,0.06582,0.38530,0.13522,0.13955,0.04780,0.02757,0.02305,0.05132,0.01942,0.08385,0.07055,0.40165,0.13802,0.13420,0.04815,0.03355,0.02702,0.05090,0.02240,0.08352,0.06930,0.39292,0.13657,0.12950,0.04617,0.03295,0.03502,0.06010,0.02330,0.07432,0.06617,0.39587,0.13457,0.13530,0.04812,0.03220,0.03117,0.05372,0.02397,0.08285,0.06137,0.39670,0.13355,0.13905,0.05037,0.03600,0.03430,0.05340,0.02487,0.07937,0.06970,0.37937,0.13780,0.13467,0.05012,0.03165,0.02917,0.06062,0.01760,0.07857,0.06660,0.39317,0.00046,0.10612,1.00000,0.00028,0.00086,0.07085,0.00072,0.00139,0.00000
0.00000,0.00142,0.00587,0.03842,0.05930,0.14585,0.02910,0.17257,0.14140,0.40605,0.00100,0.01472,0.00832,0.02230,0.04087,0.09945,0.01435,0.13517,0.14130,0.52250,0.00050,0.00682,0.01042,0.02852,0.04797,0.13405,0.02052,0.13582,0.09182,0.52352,0.00010,0.00710,0.02415,0.05015,0.06962,0.10560,0.02512,0.11025,0.10860,0.49930,0.00137,0.02567,0.01355,0.04072,0.04727,0.09942,0.01485,0.10682,0.13817,0.51212,0.00035,0.01070,0.01697,0.03317,0.03847,0.15207,0.00480,0.12412,0.15315,0.46617,0.00002,0.00230,0.00977,0.03462,0.04097,0.17720,0.03420,0.19900,0.13977,0.36212,0.00110,0.01442,0.01272,0.03757,0.05537,0.10195,0.02167,0.12952,0.11977,0.50587,0.00040,0.00657,0.00782,0.03282,0.04597,0.16902,0.02990,0.17370,0.12740,0.40637,1.00000,0.80413,0.00454,0.00454,0.00135,0.00644,0.00644,0.00597,0.38824
0.00000,0.00000,0.00442,0.03387,0.04105,0.24090,0.01415,0.11707,0.50737,0.04115,0.00025,0.00700,0.00620,0.04565,0.04247,0.21377,0.05172,0.23152,0.12652,0.27487,0.00000,0.00000,0.00000,0.02890,0.02380,0.25840,0.00000,0.10640,0.57760,0.00490,0.01635,0.02857,0.01787,0.07285,0.06315,0.21912,0.05822,0.16632,0.18897,0.16855,0.01280,0.03782,0.01672,0.05620,0.07715,0.17512,0.07060,0.16062,0.12575,0.26720,0.00007,0.00507,0.01102,0.04067,0.03327,0.17412,0.04857,0.14817,0.40385,0.13515,0.01802,0.02815,0.01677,0.08962,0.07287,0.24210,0.03420,0.13430,0.18425,0.17970,0.01382,0.03187,0.01542,0.06685,0.06147,0.24650,0.04342,0.13932,0.18585,0.19545,0.00322,0.01790,0.02100,0.04735,0.02870,0.17512,0.04350,0.12492,0.31895,0.21932,1.00000,0.00279,0.08323,0.07553,0.00072,0.00037,0.00338,0.00000,0.19512
0.04242,0.07982,0.03835,0.04207,0.05025,0.14475,0.05050,0.10937,0.09237,0.35007,0.00290,0.02097,0.01342,0.04932,0.05762,0.18690,0.05010,0.13105,0.40505,0.08265,0.00175,0.00522,0.01577,0.05950,0.04345,0.23850,0.03877,0.13250,0.41347,0.05105,0.09357,0.14100,0.04402,0.03247,0.03355,0.05885,0.02752,0.08202,0.05572,0.43125,0.04642,0.07307,0.06472,0.06380,0.05997,0.08720,0.04427,0.08542,0.05757,0.41752,0.04072,0.08662,0.06550,0.04657,0.05032,0.06525,0.04297,0.07817,0.06142,0.46242,0.01450,0.03162,0.02722,0.04045,0.04597,0.17662,0.05777,0.14907,0.22235,0.23440,0.00000,0.00000,0.00452,0.04005,0.04045,0.22637,0.02430,0.14482,0.48125,0.03822,0.00000,0.00000,0.00000,0.02890,0.02380,0.24187,0.00997,0.14520,0.51677,0.03347,1.00000,0.14269,0.00001,0.00022,0.00007,0.06252,0.05736,0.00002,0.54545
0.04400,0.05587,0.05872,0.08825,0.04422,0.10155,0.04405,0.09997,0.06660,0.39675,0.04315,0.08412,0.04577,0.07095,0.04882,0.08977,0.03282,0.09672,0.06525,0.42260,0.00077,0.02690,0.01730,0.06577,0.06772,0.15372,0.04245,0.12877,0.07155,0.42502,0.07172,0.08932,0.07535,0.09252,0.07072,0.09400,0.02305,0.08712,0.06600,0.33017,0.06272,0.13785,0.03675,0.05312,0.04827,0.07237,0.02917,0.09052,0.10047,0.36872,0.00937,0.02402,0.02515,0.06540,0.05412,0.16687,0.09175,0.19535,0.14807,0.21987,0.05120,0.08965,0.06637,0.07105,0.05095,0.07867,0.02547,0.08775,0.08000,0.39887,0.04732,0.10457,0.04135,0.03957,0.04357,0.04825,0.03360,0.09512,0.06457,0.48205,0.00592,0.04602,0.04550,0.07397,0.07410,0.12480,0.03432,0.08657,0.06240,0.44637,1.00000,0.00831,0.49779,0.00815,0.00753,0.00467,0.00646,0.00590,0.30539
0.00557,0.02145,0.01497,0.05325,0.05360,0.17352,0.05342,0.17445,0.11082,0.33892,0.00865,0.03267,0.01697,0.04827,0.04622,0.20580,0.05090,0.17140,0.09817,0.32092,0.00062,0.00607,0.00377,0.03367,0.02855,0.22897,0.00807,0.11720,0.53860,0.03445,0.01755,0.04100,0.03407,0.06735,0.07232,0.18300,0.06187,0.12277,0.08470,0.31535,0.01420,0.03650,0.03550,0.06327,0.07835,0.18135,0.05897,0.14182,0.09340,0.29662,0.00552,0.03157,0.01960,0.03997,0.06047,0.21312,0.05152,0.13065,0.28897,0.15857,0.01682,0.04347,0.02097,0.05900,0.06195,0.20962,0.03900,0.12357,0.16147,0.26410,0.02495,0.05102,0.02955,0.06055,0.07610,0.17052,0.06387,0.10965,0.12947,0.28430,0.00387,0.02225,0.02330,0.04310,0.05177,0.19797,0.07510,0.12932,0.17995,0.27335,1.00000,0.01436,0.01814,0.07195,0.00102,0.03127,0.03104,0.03104,0.33953
0.00535,0.03272,0.03185,0.06025,0.06170,0.11555,0.04080,0.09187,0.06237,0.49752,0.00807,0.02105,0.02872,0.04555,0.06602,0.12925,0.04047,0.12427,0.07715,0.45942,0.00527,0.01677,0.01917,0.06097,0.07365,0.20887,0.06757,0.11997,0.06007,0.36765,0.00410,0.02422,0.03232,0.06295,0.07225,0.11087,0.05052,0.10562,0.07950,0.45762,0.00555,0.02275,0.02887,0.04960,0.05925,0.09432,0.03987,0.13710,0.08570,0.47697,0.01200,0.02610,0.03257,0.08050,0.07007,0.16117,0.04545,0.11312,0.08685,0.37215,0.00442,0.03145,0.03192,0.06567,0.05250,0.15387,0.07665,0.15077,0.11350,0.31922,0.00525,0.02572,0.02845,0.04412,0.04335,0.08202,0.03065,0.12052,0.08410,0.53580,0.00480,0.01672,0.02075,0.04977,0.04957,0.22020,0.04970,0.18867,0.17347,0.22632,1.00000,0.00291,0.00291,0.00289,0.03321,0.01571,0.03967,0.08593,0.31010
0.09132,0.11182,0.09862,0.10245,0.09032,0.07700,0.03000,0.06750,0.04635,0.28460,0.07827,0.12727,0.07437,0.09602,0.09512,0.07890,0.03440,0.06732,0.03805,0.31025,0.05005,0.09115,0.08630,0.09717,0.15982,0.11880,0.03735,0.05245,0.03597,0.27092,0.08285,0.12705,0.08460,0.08117,0.08807,0.07912,0.03977,0.06807,0.04190,0.30737,0.08560,0.13227,0.05927,0.06870,0.11712,0.07552,0.03015,0.07122,0.03975,0.32037,0.08925,0.11950,0.07265,0.09367,0.10680,0.10470,0.03827,0.05212,0.04095,0.28207,0.11955,0.13865,0.06217,0.04210,0.03737,0.05797,0.03230,0.07952,0.06167,0.36867,0.11042,0.13740,0.05785,0.05287,0.04462,0.06695,0.02840,0.07457,0.05802,0.36887,0.10985,0.14247,0.06675,0.05752,0.04182,0.05080,0.02552,0.07290,0.06525,0.36710,1.00000,0.00003,0.09185,0.13797,0.00001,0.01004,0.00001,0.00054,0.15000
0.00840,0.03862,0.02820,0.04587,0.06575,0.14572,0.06502,0.13037,0.08977,0.38225,0.00825,0.03665,0.03247,0.05027,0.07145,0.13997,0.05865,0.11747,0.07622,0.40857,0.02700,0.06437,0.02972,0.03322,0.05557,0.12517,0.03900,0.09887,0.07020,0.45685,0.01847,0.05317,0.04925,0.07397,0.06767,0.14067,0.03360,0.09605,0.11722,0.34990,0.01597,0.05337,0.02842,0.03720,0.05610,0.13857,0.05205,0.12070,0.13107,0.36652,0.01027,0.05660,0.03137,0.04785,0.05192,0.11407,0.05070,0.11672,0.14760,0.37287,0.00000,0.00687,0.01877,0.05820,0.06745,0.19612,0.07395,0.14062,0.19830,0.23970,0.00387,0.02632,0.02287,0.05780,0.05582,0.15250,0.04782,0.11495,0.24130,0.27672,0.00085,0.01360,0.01540,0.06792,0.06352,0.19580,0.06310,0.14107,0.19720,0.24152,1.00000,0.00872,0.00876,0.00876,0.00259,0.00000,0.00000,0.00000,0.29562
0.08532,0.13577,0.08692,0.08652,0.08955,0.08220,0.02867,0.07055,0.04872,0.28575,0.07687,0.10080,0.07800,0.14087,0.14005,0.11747,0.04215,0.04545,0.02140,0.23692,0.10227,0.11807,0.07910,0.09260,0.07150,0.10395,0.05177,0.05857,0.04217,0.27997,0.10140,0.11730,0.08285,0.08290,0.05162,0.07130,0.03692,0.06880,0.05112,0.33577,0.10220,0.12867,0.07825,0.05830,0.06657,0.08095,0.05040,0.07172,0.05010,0.31282,0.09345,0.13555,0.07100,0.07087,0.09820,0.06875,0.04280,0.06805,0.04717,0.30415,0.06695,0.11832,0.10840,0.13807,0.09337,0.05820,0.02207,0.06565,0.05420,0.27475,0.08547,0.10182,0.09110,0.12762,0.13887,0.08262,0.04715,0.05572,0.02722,0.24237,0.09495,0.10212,0.09800,0.12197,0.10547,0.07015,0.02920,0.06367,0.04455,0.26990,1.00000,0.00115,0.00063,0.00034,0.00066,0.00028,0.00430,0.00054,0.50307
0.00000,0.00372,0.01512,0.02977,0.03897,0.15075,0.06112,0.15720,0.13305,0.41027,0.00127,0.01772,0.01282,0.03932,0.04082,0.08182,0.03432,0.11532,0.08160,0.57495,0.00040,0.00147,0.00560,0.03580,0.03377,0.20192,0.04580,0.16492,0.30280,0.20750,0.00000,0.00195,0.01280,0.04990,0.04840,0.21507,0.05477,0.15917,0.24010,0.21782,0.00200,0.03037,0.03545,0.07637,0.06355,0.11205,0.03700,0.08832,0.08372,0.47115,0.00030,0.00165,0.00762,0.04240,0.04637,0.19645,0.05782,0.16510,0.30292,0.17935,0.00042,0.00555,0.01655,0.02902,0.02490,0.21715,0.05155,0.16235,0.21240,0.28010,0.00167,0.02307,0.02422,0.04280,0.03140,0.12422,0.03447,0.11705,0.08695,0.51412,0.00080,0.00740,0.00477,0.03197,0.03195,0.16812,0.04445,0.19485,0.21972,0.29595,1.00000,0.00166,0.00153,0.00194,0.00192,0.00187,0.00135,0.00146,0.43614
0.00000,0.00047,0.00532,0.04262,0.04127,0.25150,0.03697,0.20527,0.22335,0.19320,0.00000,0.00037,0.01300,0.05172,0.04545,0.28057,0.03760,0.18537,0.24332,0.14257,0.00000,0.00000,0.00832,0.05510,0.04232,0.27112,0.02815,0.16850,0.29417,0.13230,0.00000,0.00095,0.00705,0.05302,0.05775,0.15915,0.05100,0.19150,0.34407,0.13550,0.00040,0.00615,0.00975,0.06820,0.05960,0.12847,0.05867,0.22340,0.14365,0.30170,0.00010,0.00505,0.01397,0.05967,0.05587,0.17212,0.06302,0.18710,0.21265,0.23042,0.00000,0.00360,0.01285,0.04170,0.03947,0.23617,0.03717,0.18175,0.26140,0.18587,0.00047,0.01427,0.01440,0.04037,0.03702,0.15175,0.03657,0.12280,0.10732,0.47500,0.00375,0.01562,0.01160,0.04257,0.02692,0.19267,0.03772,0.16432,0.14385,0.36095,1.00000,0.00429,0.02954,0.02091,0.02477,0.01721,0.00839,0.00783,0.30806
0.07807,0.11890,0.04885,0.04407,0.03692,0.05585,0.02740,0.07895,0.06332,0.44765,0.06997,0.10862,0.05770,0.05485,0.04502,0.07885,0.03357,0.07070,0.05995,0.42075,0.07957,0.11205,0.05257,0.04642,0.04895,0.06160,0.02960,0.07850,0.05635,0.43437,0.07645,0.12027,0.05672,0.05127,0.04432,0.06780,0.02922,0.07157,0.05945,0.42290,0.05992,0.11642,0.07237,0.07362,0.06072,0.07500,0.03552,0.07200,0.05347,0.38092,0.08380,0.12775,0.05445,0.05095,0.04287,0.06680,0.03142,0.07397,0.05850,0.40947,0.10675,0.13357,0.04482,0.03675,0.03247,0.04890,0.02727,0.08025,0.06167,0.42752,0.09530,0.14010,0.05000,0.04695,0.03777,0.05155,0.02820,0.07847,0.06050,0.41115,0.09747,0.13260,0.04387,0.04807,0.04797,0.06587,0.03170,0.07180,0.05475,0.40587,1.00000,0.21160,0.00144,0.00079,0.00006,0.00150,0.00005,0.00000,0.11765
0.00000,0.00000,0.00587,0.03957,0.03697,0.26185,0.00597,0.09615,0.54537,0.00822,0.02535,0.06457,0.02017,0.04345,0.03490,0.09057,0.02365,0.08702,0.16747,0.44282,0.02380,0.04412,0.05490,0.07000,0.04477,0.09917,0.02832,0.09547,0.09437,0.44505,0.00000,0.00302,0.01027,0.04100,0.03562,0.24615,0.01520,0.12775,0.39430,0.12667,0.07757,0.12865,0.04365,0.03355,0.03302,0.02952,0.01932,0.02412,0.25642,0.35415,0.06890,0.10165,0.08552,0.07415,0.06312,0.08092,0.02242,0.05860,0.07160,0.37310,0.00000,0.00000,0.00000,0.03910,0.03220,0.28282,0.01875,0.16835,0.39500,0.06377,0.07310,0.14240,0.04250,0.02747,0.03727,0.04945,0.01095,0.02027,0.25032,0.34625,0.06170,0.10085,0.05675,0.08050,0.09640,0.08700,0.04137,0.04852,0.08352,0.34337,1.00000,0.00804,0.08104,0.08148,0.02293,0.00001,0.01177,0.00000,0.54054
0.08262,0.12952,0.07300,0.07490,0.16485,0.12465,0.04845,0.03312,0.02345,0.24542,0.06060,0.07965,0.09515,0.19012,0.16892,0.12550,0.06720,0.04890,0.00572,0.15822,0.04080,0.09415,0.10132,0.16990,0.18400,0.12000,0.03480,0.03472,0.02555,0.19475,0.07775,0.13022,0.08975,0.10330,0.08170,0.08027,0.04007,0.06887,0.04330,0.28475,0.07722,0.11150,0.11002,0.11485,0.09780,0.05882,0.05307,0.05765,0.04567,0.27337,0.06060,0.11995,0.08302,0.11370,0.19470,0.09705,0.07052,0.04617,0.01735,0.19692,0.10140,0.13175,0.06322,0.07402,0.07422,0.06877,0.02710,0.07245,0.05275,0.33430,0.10432,0.14115,0.06612,0.06035,0.05355,0.06072,0.02445,0.07665,0.05397,0.35870,0.05057,0.04922,0.07667,0.22910,0.26750,0.16560,0.03042,0.01947,0.00912,0.10230,0.19901,0.21968,0.01793,0.00459,0.00426,0.00000,0.20661,0.17132,0.53723
0.00745,0.04302,0.01580,0.03777,0.03832,0.17927,0.05690,0.11350,0.06695,0.44100,0.00110,0.01570,0.02070,0.05027,0.06540,0.25655,0.04890,0.11585,0.07487,0.35065,0.02300,0.05000,0.01925,0.06595,0.07012,0.15802,0.06010,0.12300,0.05805,0.37250,0.01332,0.03857,0.02840,0.05975,0.04350,0.16137,0.04305,0.11782,0.06530,0.42890,0.01015,0.04182,0.02867,0.06907,0.07362,0.15765,0.07212,0.13412,0.07110,0.34165,0.00430,0.02990,0.01667,0.05912,0.07137,0.23280,0.07167,0.14472,0.18065,0.18877,0.01517,0.04252,0.02682,0.06067,0.04655,0.17925,0.05545,0.13260,0.06920,0.37175,0.00145,0.00417,0.00712,0.03572,0.05502,0.21542,0.02162,0.10415,0.52865,0.02665,0.00432,0.02205,0.01582,0.05555,0.04375,0.22977,0.04415,0.15525,0.29062,0.13870,1.00000,0.00282,0.00285,0.00846,0.00372,0.00160,0.00442,0.08769,0.32381
0.01172,0.05137,0.03065,0.06237,0.07440,0.16622,0.06042,0.11415,0.13547,0.29320,0.00530,0.03482,0.03747,0.07660,0.07407,0.19285,0.04882,0.10292,0.08595,0.34117,0.00000,0.00117,0.00527,0.04512,0.06070,0.23097,0.02592,0.10272,0.51282,0.01527,0.00117,0.02485,0.02747,0.06135,0.06112,0.11110,0.03980,0.10917,0.06480,0.49915,0.00377,0.01830,0.03130,0.06950,0.06405,0.11762,0.03705,0.11922,0.06877,0.47040,0.00817,0.04570,0.02812,0.06862,0.06350,0.12902,0.04187,0.13552,0.08402,0.39542,0.00260,0.01067,0.01122,0.04430,0.04660,0.20282,0.02200,0.12302,0.40842,0.12832,0.00000,0.00665,0.00800,0.04770,0.06635,0.22607,0.04517,0.14260,0.28152,0.17592,0.00000,0.00102,0.00415,0.02905,0.04730,0.20947,0.02612,0.12462,0.49007,0.06817,1.00000,0.00562,0.00000,0.00000,0.00000,0.00000,0.00000,0.00000,0.28270
0.00917,0.02945,0.03627,0.06500,0.06870,0.14540,0.05040,0.12695,0.12285,0.34580,0.00672,0.01887,0.02482,0.06130,0.05515,0.21060,0.06002,0.15317,0.14712,0.26220,0.00885,0.04842,0.02137,0.03852,0.03365,0.11370,0.03877,0.13727,0.11950,0.43992,0.00362,0.02112,0.02390,0.03795,0.04957,0.15822,0.03950,0.12540,0.25685,0.28385,0.00122,0.00745,0.01667,0.05877,0.06327,0.16527,0.07537,0.15935,0.28332,0.16927,0.00320,0.01925,0.01915,0.04825,0.04700,0.17705,0.04027,0.13870,0.17790,0.32922,0.00077,0.01290,0.01002,0.03492,0.03317,0.20020,0.02005,0.13100,0.39382,0.16312,0.01762,0.06835,0.05325,0.07205,0.05142,0.06517,0.02562,0.07510,0.06897,0.50242,0.00000,0.00000,0.00277,0.03535,0.04917,0.24147,0.02575,0.09982,0.53557,0.01007,1.00000,0.14990,0.15107,0.00141,0.00191,0.00169,0.00169,0.00136,0.45975
0.03017,0.05590,0.04585,0.07532,0.04792,0.14417,0.04535,0.10142,0.08502,0.36885,0.06780,0.07470,0.04432,0.05995,0.06127,0.12330,0.05337,0.07762,0.05517,0.38247,0.09265,0.10230,0.05207,0.03610,0.04222,0.09550,0.06260,0.07812,0.05307,0.38535,0.02175,0.05437,0.03490,0.07332,0.06450,0.19057,0.04307,0.10415,0.08992,0.32342,0.09412,0.10172,0.03542,0.06405,0.07007,0.12515,0.02627,0.08202,0.05652,0.34462,0.11550,0.14377,0.04672,0.05162,0.05467,0.07762,0.02482,0.07615,0.05555,0.35355,0.03380,0.05457,0.02882,0.07052,0.05647,0.22272,0.04105,0.11152,0.08175,0.29875,0.07552,0.09972,0.05282,0.06697,0.08012,0.10425,0.03735,0.08285,0.07502,0.32535,0.10385,0.13007,0.03555,0.05020,0.05460,0.07460,0.04032,0.08140,0.05460,0.37480,1.00000,0.00098,0.00408,0.41674,0.00000,0.00002,0.00008,0.00000,0.51648
0.07620,0.16507,0.05647,0.06070,0.06187,0.06130,0.02527,0.07147,0.05940,0.36222,0.01977,0.06432,0.04837,0.06317,0.07252,0.13330,0.05502,0.11027,0.11342,0.31980,0.02435,0.06045,0.05072,0.07265,0.07855,0.18245,0.04172,0.08835,0.08952,0.31122,0.07285,0.12262,0.07392,0.08672,0.07197,0.06200,0.03297,0.06785,0.05367,0.35540,0.00945,0.04420,0.04722,0.07982,0.09100,0.11855,0.06122,0.10852,0.16245,0.27755,0.06192,0.11217,0.07737,0.08872,0.05885,0.08615,0.02845,0.07895,0.06082,0.34657,0.06267,0.14937,0.06355,0.03887,0.03462,0.06110,0.03100,0.08137,0.06750,0.40992,0.03145,0.09907,0.06377,0.09697,0.09090,0.09292,0.02770,0.08700,0.04330,0.36690,0.03195,0.06962,0.03150,0.05722,0.07160,0.20850,0.04040,0.09237,0.20312,0.19370,0.47105,0.47105,0.00319,0.00513,0.00094,0.10624,0.00049,0.00009,0.27692
0.07235,0.10832,0.07330,0.13427,0.16785,0.04890,0.04870,0.05330,0.05125,0.24175,0.07375,0.12750,0.06725,0.07832,0.11517,0.09167,0.03240,0.02972,0.17705,0.20715,0.09800,0.10617,0.04517,0.04285,0.06010,0.04360,0.02552,0.01847,0.38225,0.17785,0.06012,0.08995,0.09030,0.14725,0.14457,0.09910,0.03230,0.03435,0.11552,0.18652,0.08002,0.10575,0.08175,0.12425,0.13825,0.05862,0.01460,0.02250,0.18182,0.19242,0.08907,0.11190,0.06267,0.06970,0.06450,0.05072,0.02747,0.03990,0.23020,0.25385,0.04347,0.05552,0.05815,0.18362,0.26590,0.07240,0.01505,0.01250,0.20125,0.09212,0.05807,0.09792,0.09062,0.15750,0.16622,0.05595,0.01925,0.02130,0.16735,0.16580,0.06387,0.09390,0.06225,0.07482,0.10277,0.11672,0.05117,0.06405,0.07870,0.29172,0.41752,0.18385,0.00001,0.00004,0.11209,0.00001,0.00004,0.00041,0.46746
0.08912,0.14377,0.04832,0.04097,0.03847,0.04810,0.02635,0.07812,0.06807,0.41867,0.10682,0.14110,0.04515,0.04485,0.03367,0.05015,0.02577,0.07997,0.06845,0.40405,0.08980,0.12927,0.03460,0.03197,0.02375,0.03710,0.02320,0.08225,0.07300,0.47505,0.10320,0.13957,0.04652,0.04270,0.03930,0.04907,0.02512,0.07765,0.06557,0.41127,0.11015,0.12922,0.05590,0.05810,0.04307,0.05732,0.02312,0.07695,0.05830,0.38785,0.08002,0.12395,0.06187,0.05385,0.04572,0.04750,0.02652,0.07597,0.06495,0.41962,0.09145,0.13587,0.03340,0.03567,0.02630,0.03885,0.02715,0.08265,0.07050,0.45815,0.09082,0.13317,0.05290,0.04837,0.03672,0.04902,0.02527,0.07617,0.06787,0.41965,0.08122,0.11617,0.03247,0.03457,0.02727,0.04270,0.02727,0.07885,0.07370,0.48575,1.00000,0.23524,0.00023,0.00020,0.00020,0.00020,0.00018,0.00020,0.00000
0.00547,0.01252,0.00710,0.02565,0.04072,0.20297,0.03297,0.14060,0.33110,0.20087,0.00795,0.01340,0.02100,0.05325,0.05535,0.16517,0.06117,0.15922,0.20590,0.25757,0.00495,0.01835,0.02162,0.02727,0.04112,0.20632,0.08445,0.18142,0.21630,0.19817,0.02200,0.05730,0.05962,0.05737,0.04855,0.08587,0.04192,0.10180,0.06660,0.45895,0.00307,0.01750,0.04425,0.06617,0.07565,0.11632,0.06297,0.10512,0.07125,0.43767,0.00495,0.01375,0.02775,0.04595,0.06295,0.17872,0.11825,0.15722,0.15132,0.23912,0.00742,0.01930,0.01970,0.03470,0.03547,0.17052,0.03810,0.16850,0.21577,0.29050,0.00642,0.02572,0.02950,0.04492,0.05337,0.16220,0.06682,0.14480,0.14042,0.32580,0.00207,0.00972,0.02457,0.03070,0.03682,0.18237,0.09627,0.14757,0.16527,0.30460,1.00000,0.10223,0.29658,0.06465,0.10429,0.09339,0.00000,0.00000,0.35714
0.03975,0.10917,0.09352,0.15867,0.21485,0.13410,0.03647,0.03752,0.02657,0.14935,0.05985,0.10217,0.08155,0.09172,0.12770,0.12662,0.02667,0.08475,0.07620,0.22275,0.06622,0.09982,0.10355,0.10095,0.08955,0.11777,0.03790,0.08502,0.05380,0.24540,0.06320,0.11307,0.09805,0.12827,0.14320,0.14707,0.02937,0.04632,0.03437,0.19705,0.07375,0.15740,0.07330,0.08717,0.08017,0.06475,0.03930,0.07352,0.04602,0.30460,0.06880,0.10615,0.10557,0.10897,0.11580,0.07862,0.03885,0.05852,0.04897,0.26972,0.06035,0.12312,0.09040,0.09850,0.12795,0.10190,0.04495,0.06402,0.03365,0.25515,0.05657,0.14047,0.06415,0.07352,0.10077,0.10187,0.02262,0.09775,0.07960,0.26265,0.04857,0.12077,0.07667,0.09680,0.13330,0.10945,0.04660,0.07947,0.04515,0.24320,0.49405,0.41369,0.00187,0.00092,0.01565,0.04088,0.03772,0.00449,0.64706
0.01882,0.06805,0.01327,0.04340,0.04920,0.13615,0.02970,0.11672,0.07792,0.44675,0.02225,0.08690,0.02282,0.04277,0.03600,0.07715,0.03470,0.08407,0.06700,0.52632,0.01637,0.06080,0.01232,0.03630,0.03890,0.09695,0.03327,0.10640,0.08410,0.51457,0.02672,0.09725,0.02242,0.04950,0.03737,0.06530,0.02822,0.09045,0.06095,0.52180,0.03602,0.11972,0.03045,0.04690,0.04477,0.07060,0.02427,0.08510,0.05440,0.48775,0.02395,0.08945,0.02572,0.03555,0.03315,0.06487,0.02030,0.09692,0.06085,0.54922,0.02462,0.09587,0.01917,0.05887,0.05157,0.07815,0.03200,0.09085,0.08887,0.46000,0.01952,0.09100,0.02247,0.06502,0.05002,0.11910,0.04332,0.07850,0.04990,0.46112,0.01385,0.05097,0.01825,0.04830,0.03797,0.16482,0.03965,0.09265,0.07035,0.46317,1.00000,0.00000,0.00000,0.00000,0.00000,0.00000,0.00000,0.00000,0.14286
0.00870,0.02957,0.01527,0.05975,0.04745,0.17912,0.04407,0.12062,0.07097,0.42445,0.00045,0.01387,0.03165,0.03757,0.04932,0.17210,0.10125,0.17260,0.14905,0.27212,0.00595,0.02377,0.00700,0.03855,0.04957,0.12522,0.03795,0.18847,0.22330,0.30020,0.00022,0.01950,0.02222,0.04080,0.06155,0.11362,0.06990,0.12267,0.26810,0.28140,0.00072,0.00197,0.01325,0.04857,0.05955,0.15557,0.05862,0.15942,0.18447,0.31782,0.00000,0.00202,0.01375,0.03090,0.04827,0.12242,0.04880,0.18847,0.13055,0.41480,0.00000,0.00395,0.00917,0.03565,0.03942,0.15427,0.04517,0.16707,0.14757,0.39770,0.00000,0.00000,0.00522,0.04595,0.04667,0.20922,0.06770,0.22057,0.20595,0.19870,0.00410,0.00895,0.01480,0.04880,0.04892,0.16922,0.03050,0.19017,0.19560,0.28892,1.00000,0.31752,0.32293,0.00656,0.00188,0.00000,0.00000,0.00000,0.31361
0.03097,0.09777,0.02632,0.06415,0.06697,0.15770,0.04857,0.11187,0.10825,0.28740,0.05340,0.11410,0.05065,0.09727,0.10092,0.11560,0.03245,0.05715,0.04240,0.33605,0.01907,0.04070,0.05732,0.08005,0.06620,0.22012,0.04207,0.11922,0.19342,0.16180,0.04327,0.09165,0.04250,0.06160,0.05135,0.06550,0.04035,0.08410,0.06620,0.45347,0.04257,0.09822,0.05052,0.06357,0.05147,0.05960,0.02905,0.08412,0.05800,0.46285,0.01477,0.04560,0.02645,0.05592,0.03602,0.13017,0.05165,0.13212,0.17192,0.33535,0.02762,0.07527,0.04177,0.06380,0.06642,0.09915,0.03135,0.09010,0.06917,0.43532,0.02952,0.07717,0.03265,0.07425,0.08360,0.13932,0.04225,0.11272,0.07300,0.33550,0.02105,0.06230,0.02462,0.04602,0.04675,0.16740,0.05375,0.10917,0.10805,0.36087,1.00000,0.22962,0.00060,0.00141,0.07077,0.01016,0.00108,0.00108,0.40845
0.00000,0.00032,0.00520,0.01987,0.02285,0.20335,0.04067,0.19372,0.12587,0.38812,0.00025,0.00515,0.01157,0.01672,0.03772,0.15897,0.04952,0.15505,0.34017,0.22485,0.00000,0.00520,0.00487,0.01560,0.01970,0.17327,0.02965,0.12817,0.30447,0.31905,0.00000,0.00345,0.00725,0.01965,0.03092,0.20237,0.03787,0.20020,0.19047,0.30780,0.00000,0.01052,0.00927,0.02360,0.04820,0.16432,0.04357,0.16957,0.27940,0.25152,0.00027,0.01322,0.00645,0.02362,0.02980,0.16937,0.04152,0.14022,0.27950,0.29600,0.00000,0.00060,0.00685,0.02077,0.02770,0.19337,0.03892,0.21530,0.16622,0.33025,0.00012,0.00952,0.01147,0.01820,0.03795,0.17417,0.04867,0.15822,0.34552,0.19612,0.00000,0.01045,0.00700,0.02522,0.02740,0.15977,0.03905,0.14370,0.29930,0.28810,1.00000,0.19337,0.16950,0.00418,0.19080,0.16950,0.00145,0.00151,0.31092
0.00105,0.01312,0.01085,0.05107,0.05552,0.17045,0.03985,0.16402,0.34897,0.14507,0.01535,0.06035,0.01347,0.05905,0.07392,0.14192,0.04417,0.13607,0.08932,0.36635,0.00000,0.00000,0.00000,0.02890,0.02380,0.25840,0.00000,0.10640,0.57760,0.00490,0.00060,0.00835,0.00925,0.04700,0.03510,0.18360,0.03427,0.15852,0.42277,0.10052,0.00660,0.03582,0.01150,0.04612,0.04370,0.19687,0.04107,0.17647,0.20215,0.23967,0.00000,0.00002,0.00322,0.05837,0.04195,0.25632,0.05062,0.15532,0.35772,0.07642,0.00707,0.04577,0.02007,0.02912,0.02655,0.11130,0.04285,0.19082,0.15395,0.37247,0.03182,0.11440,0.02697,0.02572,0.02970,0.07140,0.00562,0.09867,0.06875,0.52692,0.02887,0.09412,0.03102,0.02620,0.03042,0.04727,0.00387,0.10120,0.07880,0.55820,1.00000,0.00582,0.00097,0.00108,0.00251,0.00281,0.01007,0.00136,0.34595
0.01882,0.03722,0.01785,0.04912,0.05432,0.17357,0.06372,0.17752,0.13155,0.27627,0.03407,0.03432,0.02222,0.03485,0.04072,0.07785,0.01680,0.12395,0.07372,0.54147,0.02350,0.03382,0.01415,0.04885,0.04500,0.21402,0.01890,0.17230,0.21972,0.20972,0.04622,0.09977,0.05057,0.06235,0.05340,0.05550,0.03667,0.06080,0.15457,0.38012,0.06297,0.09745,0.07987,0.08790,0.07645,0.04680,0.02690,0.04947,0.15405,0.31812,0.06822,0.08742,0.04215,0.03535,0.03177,0.03287,0.02240,0.04497,0.23267,0.40215,0.06360,0.10710,0.03225,0.06202,0.05995,0.05017,0.02147,0.05697,0.17437,0.37207,0.08322,0.15300,0.05780,0.06415,0.06472,0.05947,0.02430,0.07700,0.08260,0.33372,0.07592,0.12042,0.03602,0.03907,0.04185,0.04055,0.02132,0.04282,0.21325,0.36875,1.00000,0.34671,0.00033,0.09668,0.00035,0.00166,0.01864,0.00013,0.27885
0.11270,0.10915,0.08137,0.07837,0.06092,0.07600,0.03627,0.06750,0.05055,0.32715,0.09292,0.10420,0.09665,0.11737,0.07922,0.07642,0.02932,0.04677,0.07455,0.28255,0.09500,0.11745,0.09185,0.09402,0.06950,0.06335,0.03225,0.06490,0.06095,0.31072,0.09577,0.09610,0.01917,0.00602,0.00190,0.00230,0.00127,0.00140,0.66902,0.10702,0.08985,0.10670,0.05335,0.06650,0.05842,0.05447,0.02255,0.03685,0.27405,0.23725,0.10422,0.11950,0.08195,0.07975,0.06337,0.07195,0.03197,0.06827,0.05505,0.32395,0.09320,0.09825,0.01880,0.00847,0.00545,0.00150,0.00187,0.00072,0.64805,0.12367,0.09077,0.10795,0.06220,0.08285,0.07045,0.05555,0.01812,0.03395,0.23945,0.23870,0.10252,0.12070,0.07660,0.08357,0.06797,0.06177,0.03125,0.06890,0.06982,0.31687,0.55333,0.00027,0.00043,0.25923,0.00199,0.00594,0.00000,0.00049,0.53237
0.04750,0.10137,0.02795,0.07032,0.05280,0.09045,0.03180,0.09362,0.06087,0.42330,0.02415,0.05757,0.02427,0.06582,0.06387,0.14122,0.04835,0.14677,0.09345,0.33450,0.01495,0.03857,0.02967,0.06227,0.05412,0.19620,0.03705,0.15345,0.06842,0.34527,0.07135,0.12922,0.03422,0.04457,0.03642,0.03882,0.02462,0.06427,0.09375,0.46272,0.02235,0.05960,0.03335,0.07230,0.05677,0.10765,0.04880,0.13260,0.08905,0.37752,0.02835,0.06485,0.03965,0.05530,0.02812,0.09592,0.02922,0.11672,0.08530,0.45655,0.05297,0.12270,0.02557,0.06060,0.04280,0.08930,0.02940,0.07832,0.08250,0.41582,0.01510,0.04252,0.04985,0.08422,0.06110,0.17085,0.05355,0.12597,0.06727,0.32955,0.02727,0.04212,0.03172,0.07230,0.06042,0.15817,0.03495,0.15165,0.10597,0.31540,1.00000,0.29074,0.29022,0.00281,0.00382,0.00065,0.00190,0.00005,0.33414
0.00002,0.00120,0.00660,0.02497,0.03355,0.19030,0.02957,0.16512,0.31900,0.22965,0.00042,0.01970,0.01545,0.03242,0.05162,0.10710,0.03632,0.16157,0.22002,0.35535,0.00062,0.01090,0.01047,0.03492,0.04137,0.18602,0.03832,0.14247,0.30715,0.22772,0.00132,0.00962,0.00445,0.02680,0.03692,0.13227,0.03205,0.17917,0.24205,0.33532,0.00005,0.00552,0.01317,0.04775,0.05850,0.15527,0.05715,0.16395,0.07895,0.41967,0.00117,0.01250,0.01082,0.03735,0.02992,0.08572,0.04522,0.16690,0.10112,0.50925,0.00192,0.01180,0.01022,0.03242,0.03465,0.12445,0.04455,0.16530,0.12982,0.44485,0.00000,0.00202,0.01155,0.03960,0.03797,0.17487,0.07097,0.16197,0.10107,0.39995,0.00000,0.00695,0.00845,0.03105,0.02345,0.12810,0.04932,0.15947,0.10915,0.48405,1.00000,0.00543,0.00294,0.08920,0.00392,0.00000,0.00000,0.00000,0.45794
0.03427,0.06240,0.03242,0.05340,0.04215,0.14822,0.04387,0.10127,0.10262,0.37935,0.02642,0.07280,0.04905,0.06817,0.03760,0.13865,0.03872,0.09687,0.09162,0.38007,0.04055,0.10587,0.04282,0.04412,0.02945,0.10612,0.02087,0.08065,0.09980,0.42972,0.01185,0.01865,0.02340,0.07115,0.07182,0.16847,0.04317,0.14947,0.18770,0.25430,0.03455,0.06112,0.04370,0.08337,0.06320,0.11855,0.04417,0.10757,0.14115,0.30260,0.01375,0.03725,0.02962,0.06182,0.06292,0.14852,0.03772,0.11922,0.23110,0.25805,0.00007,0.00100,0.00442,0.06045,0.05452,0.23710,0.02875,0.12715,0.37602,0.11050,0.07075,0.11480,0.03090,0.03607,0.02650,0.07492,0.03702,0.09060,0.12487,0.39355,0.00000,0.00485,0.01027,0.04730,0.05057,0.24457,0.00877,0.11255,0.46947,0.05162,1.00000,0.14102,0.14227,0.00113,0.00000,0.00006,0.00022,0.00002,0.48305
0.08795,0.12512,0.09595,0.07875,0.08400,0.07542,0.04535,0.05770,0.05155,0.29820,0.12170,0.12122,0.06250,0.05412,0.04217,0.07842,0.03037,0.08582,0.06565,0.33800,0.11357,0.11555,0.05720,0.07307,0.05877,0.06577,0.03170,0.08627,0.05090,0.34717,0.06660,0.12470,0.09210,0.09195,0.12782,0.09475,0.03242,0.05345,0.03785,0.27835,0.08007,0.10512,0.08695,0.10405,0.14212,0.10712,0.03370,0.05797,0.02887,0.25400,0.07552,0.10797,0.07837,0.11130,0.14997,0.11057,0.03287,0.04947,0.03602,0.24790,0.09430,0.13777,0.05920,0.05430,0.06555,0.08497,0.02950,0.09545,0.04062,0.33832,0.08017,0.11062,0.07550,0.09660,0.11957,0.09492,0.03230,0.06582,0.04060,0.28387,0.06610,0.11192,0.07840,0.11960,0.14197,0.09147,0.02750,0.06082,0.04270,0.25950,0.32667,0.06332,0.06946,0.00000,0.00000,0.00000,0.00000,0.00000,0.44737
0.07317,0.06177,0.07327,0.15675,0.23492,0.13472,0.03937,0.03327,0.01715,0.17557,0.06360,0.11955,0.05322,0.07747,0.07637,0.08800,0.03490,0.09977,0.09462,0.29247,0.05005,0.05500,0.08612,0.16045,0.29262,0.11367,0.02122,0.03047,0.02767,0.16270,0.07855,0.11195,0.06810,0.13100,0.19112,0.08527,0.03160,0.05155,0.03687,0.21397,0.06970,0.08775,0.05197,0.09045,0.18875,0.07827,0.04137,0.06812,0.05617,0.26742,0.03755,0.07660,0.10940,0.15550,0.27792,0.14897,0.05200,0.01945,0.00122,0.12137,0.06947,0.11315,0.07317,0.09017,0.20970,0.11402,0.04382,0.04220,0.04820,0.19607,0.07000,0.08105,0.09342,0.14252,0.18920,0.09757,0.02657,0.05132,0.03402,0.21430,0.04820,0.06792,0.09850,0.18842,0.22452,0.10555,0.03702,0.04195,0.02930,0.15860,0.00203,0.89500,0.15764,0.00050,0.00091,0.00070,0.00170,0.00021,0.57500
0.00000,0.00222,0.00865,0.05255,0.05645,0.16122,0.04855,0.14255,0.14917,0.37862,0.00000,0.00227,0.01457,0.05400,0.06727,0.11417,0.04082,0.14667,0.10035,0.45985,0.00000,0.00150,0.00472,0.03870,0.06827,0.21322,0.04865,0.17992,0.17767,0.26732,0.00135,0.01692,0.00880,0.02797,0.07022,0.11437,0.05362,0.13497,0.17850,0.39325,0.00260,0.01607,0.03245,0.05315,0.04520,0.10752,0.04880,0.14312,0.09067,0.46040,0.00115,0.02582,0.02355,0.04230,0.06220,0.09315,0.04397,0.13910,0.15160,0.41715,0.00085,0.01120,0.02020,0.05607,0.07882,0.12470,0.06225,0.12517,0.07750,0.44322,0.00180,0.01845,0.02195,0.03407,0.03542,0.08402,0.03950,0.12742,0.08887,0.54847,0.00700,0.01770,0.01972,0.02987,0.05635,0.10542,0.03937,0.14787,0.15065,0.42602,1.00000,0.00000,0.00000,0.00000,0.00000,0.00000,0.00000,0.00000,0.39796
0.03067,0.02210,0.01117,0.03770,0.03765,0.10087,0.03262,0.13757,0.08907,0.50055,0.03562,0.01967,0.01427,0.03110,0.03617,0.09715,0.03305,0.12315,0.08365,0.52615,0.02747,0.03547,0.01465,0.02917,0.03410,0.15540,0.03362,0.12957,0.18762,0.35290,0.01850,0.01875,0.00765,0.04030,0.03565,0.16397,0.03980,0.13037,0.20695,0.33805,0.01535,0.00800,0.00762,0.04585,0.05015,0.19015,0.04655,0.15955,0.27195,0.20482,0.02182,0.01417,0.00830,0.03952,0.04472,0.17392,0.04527,0.20210,0.18565,0.26450,0.02507,0.02547,0.01460,0.02912,0.03277,0.08797,0.04357,0.15547,0.17307,0.41285,0.02182,0.02050,0.01000,0.03012,0.04190,0.12932,0.04822,0.12835,0.32472,0.24502,0.02057,0.01712,0.00992,0.02842,0.02507,0.17660,0.04817,0.16510,0.24705,0.26195,1.00000,0.27677,0.00079,0.14738,0.00111,0.00092,0.18585,0.00147,0.39884
0.07812,0.10712,0.09632,0.14937,0.11887,0.05797,0.03652,0.06420,0.03357,0.25790,0.09070,0.11695,0.10545,0.11937,0.07532,0.05672,0.03587,0.06355,0.04220,0.29385,0.09430,0.13400,0.07857,0.08192,0.06007,0.07587,0.03295,0.07310,0.04210,0.32710,0.11787,0.10595,0.07087,0.08255,0.10482,0.09302,0.04252,0.06582,0.03450,0.28205,0.09492,0.13420,0.07127,0.07820,0.07237,0.06130,0.04080,0.06302,0.05222,0.33167,0.11032,0.12520,0.05750,0.07475,0.11137,0.07182,0.04495,0.06635,0.04000,0.29772,0.03482,0.08747,0.06575,0.10530,0.10127,0.20482,0.03375,0.09007,0.09892,0.17780,0.07857,0.11375,0.06587,0.11242,0.10040,0.08642,0.01870,0.06290,0.04655,0.31440,0.03827,0.08147,0.06862,0.12270,0.10635,0.20775,0.04012,0.09222,0.06845,0.17402,1.00000,0.00026,0.00068,0.00151,0.00014,0.00020,0.00860,0.00277,0.52465
0.02035,0.03392,0.04167,0.04450,0.06727,0.23562,0.03095,0.09860,0.29885,0.12825,0.02735,0.05217,0.02987,0.07990,0.11547,0.20552,0.03475,0.08730,0.27532,0.09232,0.02310,0.04740,0.03690,0.09552,0.15900,0.24355,0.03700,0.10625,0.07010,0.18117,0.05692,0.07830,0.07420,0.12087,0.13885,0.10495,0.06080,0.05252,0.03332,0.27925,0.05852,0.12227,0.08185,0.13472,0.16862,0.08922,0.03055,0.06075,0.07477,0.17870,0.03527,0.05722,0.09857,0.15045,0.15362,0.17715,0.06227,0.03280,0.04195,0.19067,0.01035,0.04262,0.04695,0.06960,0.05570,0.21275,0.02690,0.11730,0.29315,0.12467,0.03375,0.04170,0.05192,0.08277,0.08922,0.24332,0.05562,0.11635,0.15770,0.12762,0.04202,0.05182,0.05442,0.08532,0.06915,0.22882,0.03835,0.11872,0.08127,0.23007,1.00000,0.10212,0.52574,0.00013,0.00000,0.00003,0.00078,0.00647,0.25424
0.00190,0.00632,0.01417,0.04945,0.06260,0.19297,0.05127,0.20742,0.17352,0.24035,0.01362,0.02492,0.01410,0.07042,0.07372,0.26892,0.04462,0.12597,0.16487,0.19880,0.00695,0.02200,0.02155,0.07147,0.08275,0.22255,0.03412,0.10760,0.17255,0.25845,0.00000,0.00000,0.00055,0.03920,0.04932,0.17905,0.02300,0.20450,0.38185,0.12252,0.00000,0.00000,0.00147,0.03162,0.03382,0.23420,0.02300,0.18750,0.36245,0.12592,0.00175,0.01687,0.01300,0.04142,0.04617,0.14835,0.04542,0.15625,0.18877,0.34197,0.00315,0.02550,0.01630,0.03920,0.04800,0.19030,0.04940,0.15862,0.12567,0.34385,0.00447,0.02407,0.02190,0.05952,0.05240,0.11355,0.04085,0.12882,0.12315,0.43125,0.00082,0.01295,0.00795,0.03887,0.03572,0.21335,0.05635,0.16605,0.16945,0.29847,1.00000,0.01540,0.00456,0.00101,0.01708,0.00230,0.00058,0.00000,0.50000
0.02597,0.04202,0.02735,0.06942,0.07682,0.24677,0.04845,0.10472,0.15447,0.20397,0.03445,0.05515,0.04997,0.08240,0.09492,0.20707,0.06397,0.10902,0.14285,0.16017,0.02500,0.04037,0.03667,0.06585,0.06957,0.28850,0.07102,0.10905,0.17097,0.12297,0.07532,0.10305,0.04965,0.04670,0.03772,0.11782,0.03345,0.08967,0.07080,0.37580,0.07820,0.12767,0.07535,0.08292,0.07840,0.08117,0.02747,0.07765,0.04495,0.32620,0.06065,0.06970,0.03890,0.10820,0.13825,0.18777,0.02985,0.06615,0.04130,0.25922,0.04537,0.06012,0.03462,0.06115,0.06000,0.22335,0.04977,0.11270,0.07532,0.27757,0.05162,0.06770,0.04145,0.09082,0.12052,0.21007,0.04197,0.09305,0.05090,0.23187,0.02967,0.03952,0.03320,0.09982,0.13075,0.27710,0.06662,0.10822,0.04525,0.16982,1.00000,0.20110,0.17183,0.00602,0.00000,0.00000,0.00000,0.00000,0.24096
0.08875,0.12042,0.06960,0.08780,0.06485,0.05550,0.02272,0.07942,0.06755,0.34337,0.10825,0.12557,0.06145,0.06107,0.05035,0.05167,0.03025,0.08027,0.06305,0.36805,0.11567,0.13190,0.05400,0.04687,0.04282,0.05905,0.02427,0.07557,0.06502,0.38480,0.07865,0.13797,0.04505,0.05385,0.08805,0.05920,0.03537,0.07440,0.06582,0.36162,0.09802,0.12427,0.05635,0.06940,0.06952,0.06985,0.04110,0.07137,0.04960,0.35050,0.10057,0.13362,0.08550,0.05785,0.05735,0.05060,0.02830,0.07537,0.06170,0.34912,0.07050,0.10855,0.07170,0.11332,0.11467,0.09195,0.04615,0.05910,0.04400,0.28005,0.11745,0.12395,0.05675,0.05550,0.04532,0.05202,0.02765,0.07990,0.06102,0.38042,0.12055,0.12782,0.05062,0.04840,0.03787,0.04822,0.02517,0.08157,0.06557,0.39417,1.00000,0.00242,0.03917,0.00561,0.00205,0.00152,0.00286,0.00138,0.00000
0.01187,0.02522,0.02372,0.04065,0.04505,0.16622,0.06650,0.13255,0.11477,0.37342,0.00682,0.02047,0.00955,0.04850,0.06345,0.15927,0.04825,0.11920,0.22682,0.29765,0.00092,0.00537,0.01952,0.07005,0.07465,0.19285,0.05377,0.11087,0.22897,0.24300,0.01582,0.03947,0.04425,0.06040,0.05947,0.11830,0.06360,0.10405,0.06737,0.42725,0.01460,0.05422,0.03487,0.04415,0.05445,0.12262,0.04810,0.11555,0.13880,0.37262,0.02110,0.04015,0.04130,0.06310,0.05265,0.16175,0.04255,0.11800,0.18342,0.27597,0.01837,0.02692,0.02325,0.06560,0.06865,0.17465,0.06935,0.11422,0.24577,0.19320,0.02410,0.04965,0.03755,0.08397,0.11507,0.10270,0.04410,0.08525,0.07437,0.38322,0.01477,0.04277,0.02550,0.04030,0.04067,0.16277,0.07410,0.11520,0.26772,0.21617,1.00000,0.01354,0.00062,0.00061,0.00120,0.00171,0.00183,0.00061,0.44341
0.11832,0.12885,0.05470,0.04555,0.04625,0.06237,0.03150,0.07915,0.05280,0.38050,0.11160,0.14102,0.05452,0.04042,0.04560,0.05772,0.03145,0.08042,0.06005,0.37717,0.11427,0.13492,0.06017,0.04712,0.05265,0.06055,0.03560,0.07432,0.05312,0.36725,0.10902,0.12342,0.05617,0.06207,0.07287,0.07587,0.03692,0.07007,0.05040,0.34315,0.10122,0.12000,0.07552,0.07120,0.07235,0.07805,0.03642,0.06232,0.05467,0.32822,0.09917,0.12967,0.08072,0.07382,0.07882,0.06702,0.03052,0.06552,0.05552,0.31917,0.10785,0.11260,0.05242,0.05537,0.06772,0.07815,0.03187,0.07427,0.05037,0.36935,0.11647,0.12345,0.06100,0.04785,0.04060,0.05827,0.03187,0.07352,0.06632,0.38062,0.10860,0.13190,0.05485,0.05525,0.06212,0.06260,0.03265,0.07947,0.05005,0.36250,1.00000,0.05533,0.00025,0.00008,0.00797,0.00343,0.00175,0.00212,0.00000
0.01162,0.01087,0.01442,0.06977,0.06147,0.24217,0.04882,0.17625,0.17610,0.18847,0.00895,0.01955,0.01000,0.04427,0.04592,0.18000,0.00515,0.12070,0.36767,0.19777,0.00010,0.00125,0.00075,0.05067,0.03992,0.32420,0.00000,0.12695,0.42940,0.02675,0.02630,0.04150,0.03120,0.06395,0.07625,0.15107,0.05145,0.13830,0.15407,0.26590,0.01510,0.00990,0.00102,0.03132,0.03235,0.22240,0.01705,0.16562,0.45785,0.04737,0.00020,0.00220,0.00000,0.02785,0.02325,0.25320,0.00000,0.10640,0.57760,0.00930,0.00890,0.01875,0.01417,0.05235,0.05747,0.21227,0.05740,0.17007,0.29697,0.11162,0.00987,0.03385,0.02067,0.03690,0.03920,0.14027,0.04367,0.14520,0.19057,0.33977,0.00280,0.00852,0.01452,0.07507,0.07770,0.26917,0.06037,0.19590,0.17965,0.11627,1.00000,0.10913,0.00000,0.00000,0.00000,0.00000,0.00000,0.00000,0.25000
0.06762,0.12180,0.07872,0.10912,0.09055,0.11975,0.03510,0.07322,0.07742,0.22667,0.06105,0.11337,0.09107,0.11640,0.18957,0.14247,0.05600,0.04322,0.01137,0.17545,0.06387,0.09842,0.06312,0.12107,0.14057,0.16965,0.04795,0.05790,0.04160,0.19582,0.07250,0.10637,0.10110,0.10255,0.13245,0.10427,0.04507,0.06280,0.07080,0.20207,0.05802,0.10060,0.10692,0.16695,0.15535,0.11652,0.05772,0.02885,0.02755,0.18150,0.05097,0.05700,0.07410,0.16895,0.22875,0.14595,0.04862,0.03012,0.04617,0.14935,0.03997,0.12020,0.10135,0.12052,0.18800,0.17062,0.02972,0.04057,0.03865,0.15037,0.07615,0.13875,0.08355,0.07545,0.10402,0.08227,0.04535,0.06945,0.03607,0.28892,0.02620,0.09920,0.11460,0.14655,0.23245,0.20325,0.04517,0.01982,0.01870,0.09405,1.00000,0.00052,0.00001,0.00001,0.00000,0.00072,0.01559,0.00137,0.31250
0.07912,0.10837,0.09127,0.14052,0.13147,0.08657,0.02602,0.06452,0.03122,0.24087,0.08905,0.11397,0.10107,0.09377,0.10057,0.07917,0.05150,0.06217,0.03557,0.27312,0.09675,0.13940,0.08875,0.07345,0.05287,0.06810,0.03220,0.07930,0.05317,0.31600,0.12755,0.13407,0.05407,0.04347,0.03970,0.06717,0.03387,0.07997,0.05565,0.36445,0.11427,0.13147,0.07375,0.06695,0.04877,0.06127,0.02885,0.07697,0.05765,0.34002,0.11622,0.12385,0.06482,0.06180,0.05000,0.07232,0.04252,0.08232,0.05157,0.33455,0.08790,0.11715,0.08797,0.11652,0.09155,0.07605,0.04735,0.06612,0.03990,0.26947,0.09542,0.11612,0.08790,0.11690,0.07827,0.07135,0.02407,0.06345,0.05225,0.29425,0.09027,0.11062,0.08135,0.10262,0.10692,0.07975,0.03127,0.06100,0.04765,0.28852,0.64865,0.00637,0.00001,0.00013,0.00553,0.00035,0.00016,0.00062,0.44949
0.02637,0.07450,0.05640,0.08507,0.23322,0.18267,0.02842,0.04402,0.10097,0.16832,0.01470,0.05042,0.10240,0.10795,0.35145,0.14852,0.02105,0.03877,0.01160,0.15312,0.03747,0.10185,0.04857,0.03482,0.08962,0.14630,0.02182,0.06460,0.31060,0.14432,0.03992,0.10470,0.02925,0.05485,0.15252,0.14182,0.05815,0.05630,0.15665,0.20582,0.01910,0.03685,0.06467,0.21985,0.25450,0.17237,0.04412,0.03857,0.01765,0.13230,0.02595,0.10460,0.04057,0.02765,0.15552,0.11285,0.00787,0.03015,0.35167,0.14315,0.04395,0.06337,0.06985,0.15505,0.37005,0.12627,0.03000,0.02150,0.00715,0.11280,0.03620,0.09152,0.08645,0.12617,0.29510,0.17095,0.02015,0.02645,0.01492,0.13207,0.01155,0.03812,0.04547,0.18995,0.36492,0.13960,0.04330,0.03360,0.02242,0.11105,0.91892,0.01810,0.00046,0.00170,0.00000,0.00000,0.00000,0.00000,0.00000
0.01862,0.04310,0.01280,0.04470,0.04710,0.21207,0.02352,0.09987,0.32375,0.17445,0.02685,0.04082,0.02647,0.06045,0.05202,0.22417,0.02100,0.09777,0.31700,0.13342,0.01755,0.04087,0.01732,0.05092,0.04947,0.21957,0.02207,0.10020,0.31815,0.16385,0.02687,0.06982,0.02557,0.05210,0.06022,0.13735,0.05685,0.11842,0.09602,0.35675,0.04135,0.07460,0.04687,0.08900,0.07742,0.13477,0.06500,0.10475,0.05172,0.31450,0.02687,0.07275,0.03405,0.07172,0.07220,0.12462,0.07192,0.12047,0.05332,0.35205,0.01905,0.04742,0.01565,0.03995,0.04405,0.18467,0.03912,0.12815,0.26527,0.21665,0.03587,0.05795,0.02310,0.05295,0.05825,0.18632,0.02597,0.10822,0.23375,0.21760,0.02740,0.05575,0.01787,0.04507,0.04775,0.18062,0.03032,0.11247,0.23530,0.24742,1.00000,0.04565,0.00020,0.00619,0.00000,0.00000,0.00000,0.00000,0.15436
0.02270,0.06692,0.02630,0.04832,0.03725,0.10590,0.04657,0.14987,0.11575,0.38040,0.02695,0.06147,0.02890,0.05730,0.04345,0.11442,0.02732,0.11780,0.19017,0.33220,0.00867,0.03800,0.01325,0.01567,0.02657,0.11055,0.00407,0.06082,0.33655,0.38582,0.03435,0.07447,0.04552,0.06967,0.04432,0.11342,0.04362,0.11725,0.08197,0.37537,0.04482,0.06642,0.03952,0.07192,0.05575,0.11265,0.02180,0.11325,0.10830,0.36555,0.04402,0.07240,0.01965,0.03692,0.03625,0.09182,0.01105,0.11312,0.18415,0.39060,0.00000,0.00372,0.02057,0.06490,0.06492,0.22675,0.07102,0.15395,0.09785,0.29630,0.00000,0.01447,0.01710,0.07115,0.08915,0.20427,0.04265,0.13257,0.11615,0.31247,0.00482,0.01247,0.01007,0.04782,0.06157,0.23910,0.04982,0.13432,0.15845,0.28152,1.00000,0.15162,0.02981,0.00258,0.00158,0.00657,0.00661,0.00735,0.42754
0.05602,0.09480,0.04177,0.05475,0.05102,0.11592,0.01852,0.07920,0.05412,0.43385,0.04430,0.07382,0.03127,0.05722,0.05862,0.20730,0.03075,0.09915,0.07182,0.32572,0.04987,0.07482,0.03057,0.07260,0.05992,0.19275,0.02032,0.07912,0.05940,0.36060,0.08897,0.10722,0.03805,0.03680,0.02905,0.07187,0.02247,0.08800,0.05545,0.46210,0.07435,0.10005,0.05480,0.07037,0.07855,0.09307,0.04782,0.08487,0.08312,0.31297,0.10232,0.13110,0.06165,0.07470,0.05947,0.06202,0.03972,0.07860,0.05802,0.33237,0.06395,0.09192,0.02995,0.03582,0.03165,0.08687,0.02737,0.09162,0.05872,0.48210,0.08127,0.12790,0.03987,0.04797,0.04737,0.07107,0.03317,0.07500,0.06032,0.41602,0.09745,0.13605,0.04950,0.05602,0.05162,0.07382,0.04357,0.07925,0.05090,0.36180,0.00088,0.00005,0.93574,0.00000,0.35118,0.00002,0.00077,0.00087,0.32230
0.08532,0.09972,0.04587,0.04615,0.03657,0.03730,0.01950,0.03955,0.33465,0.25535,0.10450,0.10372,0.05580,0.04937,0.04022,0.05145,0.02687,0.04960,0.21117,0.30727,0.09317,0.09885,0.06817,0.05572,0.03767,0.04120,0.02710,0.04037,0.27690,0.26082,0.12572,0.13190,0.05102,0.03930,0.03755,0.06625,0.02830,0.07730,0.06447,0.37817,0.12347,0.13122,0.05410,0.04152,0.04837,0.06842,0.03095,0.07575,0.05967,0.36650,0.12030,0.12185,0.05315,0.04657,0.05070,0.06432,0.02912,0.07397,0.05652,0.38347,0.10257,0.12890,0.05297,0.04425,0.04075,0.05137,0.03362,0.05330,0.19590,0.29635,0.08017,0.15062,0.05542,0.05455,0.05047,0.06212,0.03297,0.05952,0.17977,0.27435,0.07887,0.13407,0.05732,0.05630,0.04217,0.04797,0.02967,0.03177,0.25440,0.26742,0.00924,0.00185,0.87160,0.09689,0.00021,0.00187,0.00253,0.00254,0.45763
0.11417,0.12172,0.05455,0.05962,0.07947,0.09370,0.03965,0.07505,0.05425,0.30780,0.09810,0.09857,0.05315,0.08662,0.11007,0.10420,0.05285,0.07472,0.05297,0.26872,0.11040,0.10812,0.06235,0.07745,0.09047,0.08395,0.04300,0.07130,0.04380,0.30915,0.12330,0.12090,0.07500,0.05387,0.04755,0.07105,0.03977,0.07480,0.06055,0.33320,0.11880,0.12630,0.06710,0.06027,0.04230,0.05832,0.03137,0.07600,0.06322,0.35630,0.09427,0.12470,0.08925,0.08930,0.07035,0.08135,0.03917,0.06185,0.05382,0.29592,0.11727,0.12995,0.05777,0.05265,0.07292,0.08422,0.03527,0.07995,0.04760,0.32237,0.12557,0.12392,0.05870,0.04147,0.03672,0.06927,0.03017,0.08500,0.05735,0.37180,0.12247,0.12540,0.06212,0.05285,0.04317,0.07507,0.03435,0.07922,0.05960,0.34572,0.00097,0.00000,0.00137,0.91950,0.00000,0.00089,0.00136,0.00016,0.40796
0.05390,0.08805,0.04377,0.05802,0.05545,0.07945,0.02485,0.08225,0.05907,0.45517,0.03572,0.06072,0.03075,0.05072,0.04482,0.14875,0.03025,0.12515,0.15362,0.31947,0.00045,0.01017,0.00497,0.05060,0.04605,0.25627,0.00885,0.12095,0.38560,0.11607,0.10450,0.12352,0.05242,0.04337,0.05115,0.08050,0.03040,0.08740,0.06727,0.35945,0.11015,0.12587,0.04925,0.06565,0.05315,0.06982,0.02645,0.07355,0.05830,0.36780,0.04685,0.08047,0.03512,0.05925,0.05525,0.13775,0.03865,0.13267,0.13545,0.27852,0.05342,0.08797,0.03257,0.05617,0.05862,0.08137,0.02562,0.08527,0.06392,0.45502,0.05105,0.05505,0.03340,0.04850,0.05205,0.12445,0.02892,0.13067,0.09070,0.38520,0.03820,0.04360,0.04507,0.06127,0.06532,0.15840,0.02122,0.11620,0.17275,0.27795,1.00000,0.70905,0.00004,0.00027,0.00005,0.00034,0.00004,0.00001,0.44622
0.00977,0.05617,0.05355,0.05512,0.04545,0.14960,0.07415,0.11562,0.09840,0.34215,0.00577,0.02175,0.02727,0.07640,0.06905,0.18585,0.05107,0.13602,0.05730,0.36950,0.00010,0.00105,0.00325,0.05572,0.05962,0.30895,0.03705,0.15845,0.25760,0.11820,0.00437,0.01870,0.00992,0.04940,0.05087,0.21687,0.06795,0.14730,0.26012,0.17447,0.01335,0.04697,0.03900,0.06590,0.08955,0.16115,0.07200,0.10120,0.08295,0.32792,0.00780,0.04012,0.01487,0.03972,0.04035,0.18645,0.04192,0.12090,0.23570,0.27215,0.00680,0.02300,0.03767,0.04755,0.05365,0.22697,0.06385,0.13057,0.14502,0.26490,0.00630,0.02132,0.03052,0.06382,0.06952,0.18970,0.07852,0.13137,0.09612,0.31277,0.00710,0.01590,0.03237,0.04680,0.04702,0.14787,0.07200,0.14310,0.11445,0.37337,1.00000,0.03174,0.00577,0.00494,0.00160,0.00486,0.00463,0.00459,0.34109
0.01880,0.05317,0.04435,0.07265,0.06052,0.07025,0.01445,0.08972,0.06995,0.50612,0.05087,0.10192,0.03590,0.08095,0.04002,0.05315,0.01917,0.08115,0.05952,0.47732,0.01837,0.04740,0.04075,0.10400,0.07862,0.19875,0.01897,0.07450,0.05205,0.36657,0.09425,0.11012,0.04050,0.04557,0.04287,0.07012,0.02660,0.08702,0.07082,0.41210,0.12252,0.11840,0.04332,0.03315,0.03805,0.06965,0.03110,0.09665,0.06852,0.37862,0.09742,0.09512,0.03302,0.04322,0.04405,0.08367,0.02825,0.10492,0.07550,0.39480,0.07457,0.09217,0.04262,0.06317,0.05055,0.15857,0.01977,0.08292,0.05447,0.36115,0.10752,0.11745,0.03997,0.03785,0.04007,0.06900,0.02147,0.07785,0.05780,0.43100,0.08947,0.10900,0.04342,0.04485,0.05490,0.08470,0.03397,0.09855,0.06615,0.37497,0.00156,0.01932,0.95000,0.00027,0.00018,0.00085,0.00020,0.00013,0.19149
0.06897,0.13395,0.10197,0.08900,0.05560,0.05055,0.03690,0.07642,0.06237,0.32425,0.06520,0.12027,0.05405,0.08277,0.14807,0.11042,0.03635,0.06032,0.05675,0.26577,0.07600,0.12497,0.06307,0.08687,0.13280,0.12510,0.05870,0.05462,0.03782,0.24002,0.07255,0.10712,0.08917,0.11942,0.12027,0.11187,0.03900,0.05270,0.04135,0.24652,0.06200,0.08280,0.07342,0.11645,0.12942,0.16720,0.07410,0.05795,0.03070,0.20595,0.05800,0.08765,0.09597,0.17027,0.15900,0.12382,0.04945,0.04335,0.02760,0.18487,0.08107,0.10862,0.07752,0.10177,0.11365,0.10495,0.03857,0.05900,0.04217,0.27265,0.07475,0.10997,0.08532,0.11095,0.15060,0.08952,0.03265,0.05005,0.04307,0.25310,0.05152,0.07767,0.07907,0.14880,0.20245,0.12817,0.03377,0.04695,0.03397,0.19760,0.01249,0.88500,0.06037,0.00033,0.00034,0.00040,0.00033,0.00027,0.30464
0.08692,0.09467,0.04657,0.07015,0.09217,0.11222,0.03640,0.08215,0.06677,0.31195,0.10020,0.11787,0.08785,0.08105,0.07535,0.08967,0.03540,0.07445,0.06245,0.27570,0.09630,0.11152,0.06642,0.06982,0.07102,0.07857,0.03402,0.07587,0.06057,0.33585,0.09965,0.13880,0.07177,0.07297,0.07205,0.06255,0.03292,0.07542,0.05742,0.31642,0.10502,0.10405,0.08697,0.11315,0.08090,0.07577,0.04407,0.07022,0.03497,0.28485,0.10400,0.13275,0.08120,0.08575,0.06812,0.06720,0.04097,0.07250,0.04885,0.29865,0.09257,0.10877,0.08427,0.10405,0.09547,0.09065,0.04275,0.06660,0.04095,0.27390,0.07785,0.11652,0.07972,0.10907,0.10722,0.10182,0.04285,0.05645,0.04305,0.26542,0.08035,0.10392,0.07070,0.08400,0.11525,0.11072,0.04230,0.07262,0.04237,0.27775,1.00000,0.02934,0.00072,0.00006,0.00049,0.00048,0.00055,0.00029,0.48485
0.04447,0.05922,0.08457,0.18380,0.31360,0.15130,0.04687,0.02277,0.00580,0.08757,0.06262,0.10797,0.10227,0.11522,0.17980,0.10137,0.04417,0.04590,0.03820,0.20245,0.06542,0.11027,0.07835,0.09115,0.11015,0.12237,0.04390,0.07332,0.06050,0.24455,0.06797,0.11430,0.11985,0.09165,0.16025,0.12085,0.07437,0.05300,0.01945,0.17830,0.09015,0.10107,0.10382,0.10547,0.13505,0.10107,0.05640,0.05360,0.03335,0.22000,0.05137,0.11295,0.13205,0.14625,0.13425,0.09512,0.05165,0.04862,0.03965,0.18807,0.07267,0.12700,0.10860,0.10260,0.10735,0.11212,0.08582,0.05340,0.03017,0.20025,0.07942,0.12577,0.10267,0.11015,0.09800,0.12260,0.08747,0.04312,0.02652,0.20425,0.08010,0.12180,0.06685,0.08567,0.12155,0.12835,0.07925,0.05930,0.02725,0.22987,0.76693,0.00612,0.00046,0.00009,0.00000,0.00000,0.00000,0.00000,0.22222
0.06355,0.11095,0.12315,0.09252,0.18257,0.14795,0.05687,0.05287,0.01352,0.15602,0.08590,0.12815,0.11067,0.08130,0.08872,0.09502,0.06462,0.07447,0.03295,0.23817,0.08887,0.13645,0.06072,0.09747,0.13672,0.05842,0.02805,0.07395,0.04727,0.27205,0.06322,0.13127,0.07427,0.08835,0.20582,0.11592,0.06482,0.05325,0.01865,0.18440,0.09250,0.09252,0.06102,0.08825,0.22795,0.09300,0.02907,0.04815,0.03390,0.23362,0.08550,0.14090,0.07095,0.05850,0.12517,0.09105,0.04575,0.05207,0.04827,0.28182,0.08567,0.11157,0.08127,0.11560,0.11647,0.07605,0.03165,0.05835,0.03837,0.28497,0.09852,0.10802,0.07615,0.10132,0.10167,0.08522,0.03525,0.06277,0.03725,0.29380,0.09130,0.14872,0.08277,0.07307,0.07942,0.06395,0.04275,0.07462,0.05845,0.28492,0.18268,0.70500,0.00193,0.00063,0.00033,0.00222,0.00009,0.00476,0.00000
0.05977,0.09472,0.05165,0.06177,0.05097,0.05302,0.01895,0.04072,0.32130,0.24710,0.07897,0.12892,0.08562,0.08215,0.07512,0.09732,0.05845,0.06412,0.03267,0.29662,0.05992,0.11290,0.04665,0.04922,0.03162,0.03645,0.01680,0.04220,0.32155,0.28267,0.06202,0.10125,0.03295,0.06552,0.08920,0.06342,0.01652,0.03195,0.32995,0.20720,0.07732,0.12430,0.06577,0.12007,0.15907,0.11157,0.04837,0.05022,0.02602,0.21725,0.06285,0.12300,0.03987,0.04542,0.05810,0.04017,0.01615,0.03757,0.33542,0.24142,0.06007,0.10237,0.03997,0.04297,0.04817,0.07242,0.02562,0.03862,0.31862,0.25112,0.08107,0.11535,0.06727,0.08875,0.11982,0.09472,0.05165,0.05420,0.04230,0.28485,0.06662,0.10380,0.03105,0.02982,0.03355,0.04847,0.01772,0.04040,0.33590,0.29265,1.00000,0.37703,0.40490,0.00120,0.00124,0.00058,0.00028,0.00599,0.62716
0.11637,0.13477,0.07380,0.05002,0.04150,0.06467,0.03312,0.08137,0.05732,0.34702,0.13077,0.12927,0.05102,0.03447,0.03280,0.05935,0.02272,0.07755,0.06102,0.40100,0.13697,0.12847,0.05150,0.03772,0.03295,0.06095,0.02277,0.07920,0.06147,0.38797,0.14045,0.13540,0.04017,0.02870,0.03655,0.05832,0.02690,0.07747,0.06142,0.39460,0.13085,0.13130,0.05112,0.03652,0.03125,0.05987,0.02495,0.07987,0.06505,0.38920,0.12875,0.12565,0.05152,0.04590,0.04117,0.06390,0.02990,0.07155,0.06402,0.37762,0.13240,0.13020,0.04917,0.03615,0.02887,0.05130,0.02337,0.07712,0.06835,0.40305,0.12265,0.13512,0.05402,0.03720,0.03450,0.05617,0.02382,0.07747,0.06505,0.39397,0.13322,0.13960,0.04442,0.03057,0.03695,0.06355,0.02067,0.08087,0.06465,0.38547,1.00000,0.04561,0.00160,0.03774,0.00130,0.00148,0.02453,0.00293,0.00000
0.00000,0.00000,0.00000,0.02890,0.02795,0.25425,0.00530,0.10387,0.57482,0.00490,0.00160,0.02925,0.02560,0.04962,0.04667,0.11980,0.03612,0.12647,0.07085,0.49400,0.00000,0.00122,0.00095,0.03955,0.03595,0.24677,0.02042,0.18595,0.29990,0.16927,0.00000,0.00240,0.00362,0.04145,0.04422,0.22007,0.04697,0.17207,0.28245,0.18672,0.00090,0.00872,0.00712,0.04117,0.04440,0.17167,0.02682,0.16770,0.24615,0.28532,0.00032,0.00197,0.00287,0.04745,0.04340,0.24597,0.05067,0.18765,0.25350,0.16617,0.00115,0.00922,0.00862,0.04225,0.04122,0.15027,0.03150,0.16407,0.23987,0.31180,0.00195,0.02777,0.01367,0.02600,0.02917,0.07622,0.03355,0.13455,0.09192,0.56517,0.00022,0.00270,0.00775,0.03382,0.03630,0.21915,0.04560,0.17392,0.28900,0.19152,1.00000,0.00438,0.00182,0.00091,0.00570,0.00102,0.00086,0.00086,0.27706
0.12370,0.14377,0.05132,0.03435,0.04005,0.06097,0.02465,0.07967,0.06360,0.37790,0.13045,0.12877,0.05317,0.03615,0.02830,0.05617,0.02422,0.07817,0.06467,0.39990,0.13425,0.13167,0.04650,0.03452,0.03062,0.05082,0.02535,0.07872,0.06455,0.40297,0.12752,0.13035,0.05060,0.04350,0.03782,0.05647,0.02602,0.07997,0.06122,0.38650,0.12465,0.13955,0.05482,0.04175,0.03335,0.04900,0.02375,0.07937,0.06692,0.38682,0.14367,0.13132,0.04257,0.03307,0.02912,0.04620,0.02132,0.08387,0.06922,0.39960,0.12900,0.14060,0.05307,0.03335,0.03277,0.05112,0.02717,0.08090,0.06752,0.38447,0.12030,0.12497,0.06317,0.05757,0.04272,0.06035,0.03430,0.07360,0.06287,0.36012,0.11502,0.13672,0.05745,0.04517,0.03900,0.06452,0.02920,0.07320,0.05912,0.38057,0.01442,0.00053,1.00000,0.00004,0.00163,0.00713,0.00280,0.00255,0.00000
0.07472,0.08445,0.12012,0.19630,0.12282,0.08715,0.04060,0.03542,0.07300,0.16540,0.08442,0.09807,0.11735,0.12025,0.06270,0.08220,0.04447,0.08665,0.10722,0.19665,0.08295,0.08832,0.13925,0.15250,0.09662,0.09590,0.05412,0.06365,0.03882,0.18785,0.09905,0.11657,0.07957,0.10632,0.07500,0.08880,0.03755,0.06610,0.07665,0.25437,0.07442,0.08342,0.11682,0.19510,0.12457,0.10517,0.05107,0.06650,0.04987,0.13302,0.07587,0.07767,0.10875,0.20200,0.12090,0.10627,0.04090,0.05030,0.06262,0.15470,0.07202,0.08442,0.12780,0.20130,0.11295,0.07317,0.04512,0.05777,0.08067,0.14475,0.08695,0.09397,0.14095,0.12907,0.06380,0.05965,0.06447,0.07887,0.09960,0.18265,0.08797,0.10690,0.08975,0.12922,0.08010,0.08557,0.07362,0.07355,0.08585,0.18745,0.08407,0.40162,0.03494,0.00095,0.00002,0.00166,0.01806,0.00917,0.00000
0.07012,0.12092,0.03645,0.04750,0.03982,0.04712,0.01930,0.09332,0.04702,0.47840,0.07497,0.12742,0.03457,0.04172,0.04377,0.05197,0.02125,0.08752,0.04910,0.46767,0.09022,0.12225,0.03247,0.03287,0.03760,0.04680,0.01890,0.10492,0.04792,0.46602,0.09292,0.12852,0.04282,0.04382,0.04500,0.04617,0.01492,0.08750,0.04960,0.44870,0.09170,0.12600,0.04242,0.04492,0.04062,0.05255,0.01780,0.08647,0.04490,0.45260,0.09120,0.13075,0.03590,0.03997,0.04357,0.04815,0.01757,0.08700,0.04727,0.45860,0.07172,0.12055,0.03425,0.04100,0.04165,0.04825,0.01910,0.09412,0.04895,0.48040,0.07620,0.12025,0.03860,0.04102,0.03835,0.06185,0.01842,0.08810,0.04842,0.46877,0.07455,0.12260,0.03522,0.03537,0.04782,0.05792,0.01742,0.08415,0.05332,0.47160,1.00000,0.00279,0.00279,0.00279,0.00274,0.00274,0.00274,0.00000,0.35000
0.01382,0.02325,0.01512,0.03592,0.04680,0.15302,0.02887,0.11425,0.45437,0.11455,0.03122,0.05682,0.04617,0.04392,0.04752,0.17205,0.04450,0.11670,0.25520,0.18587,0.07610,0.11372,0.05422,0.06115,0.05472,0.11420,0.02220,0.10810,0.06157,0.33400,0.11220,0.14262,0.05870,0.03767,0.03495,0.05252,0.02905,0.07795,0.06002,0.39430,0.12460,0.13572,0.06542,0.04400,0.03452,0.05285,0.02295,0.08657,0.05925,0.37410,0.10902,0.13845,0.05800,0.04297,0.04042,0.04722,0.02640,0.07642,0.06410,0.39697,0.10750,0.13862,0.06597,0.04440,0.03932,0.05502,0.02595,0.07850,0.06007,0.38462,0.12262,0.13470,0.04750,0.03452,0.04040,0.06380,0.02587,0.07845,0.05650,0.39562,0.11117,0.13480,0.05050,0.04277,0.03855,0.05817,0.03135,0.07222,0.05707,0.40337,1.00000,0.10514,0.00025,0.67256,0.00260,0.00006,0.00003,0.00004,0.28125
0.13145,0.13452,0.04567,0.03335,0.03022,0.05307,0.02152,0.07847,0.06640,0.40530,0.13142,0.13410,0.04627,0.03447,0.02882,0.05225,0.02182,0.08060,0.06592,0.40430,0.12785,0.13255,0.04772,0.03647,0.03637,0.05805,0.02085,0.07435,0.06675,0.39902,0.13595,0.12955,0.04395,0.03440,0.02927,0.05417,0.02312,0.07862,0.06792,0.40302,0.13345,0.13432,0.04657,0.03290,0.02972,0.05387,0.02230,0.07885,0.06715,0.40085,0.12877,0.13595,0.04877,0.03432,0.03305,0.05820,0.02232,0.07682,0.06615,0.39562,0.12797,0.13672,0.04880,0.03570,0.03292,0.05727,0.02330,0.07845,0.06455,0.39430,0.12915,0.13295,0.04427,0.03420,0.03432,0.05570,0.02352,0.08005,0.06217,0.40365,0.12420,0.14000,0.04892,0.03765,0.03542,0.05880,0.02187,0.07742,0.06360,0.39210,1.00000,0.00044,0.00019,0.00018,0.00007,0.00130,0.00243,0.00228,0.00000
0.00062,0.00240,0.00337,0.04695,0.03925,0.24142,0.06125,0.20775,0.31997,0.07700,0.00470,0.01472,0.01662,0.07460,0.08275,0.22617,0.03217,0.16170,0.08710,0.29945,0.00020,0.00127,0.00382,0.04887,0.05762,0.23577,0.02197,0.16420,0.39915,0.06710,0.00027,0.00535,0.01012,0.03615,0.04530,0.20230,0.05662,0.18380,0.34407,0.11600,0.01172,0.05007,0.02000,0.03982,0.04087,0.13905,0.02370,0.14347,0.16532,0.36595,0.00027,0.00460,0.00897,0.03340,0.04262,0.21907,0.01745,0.14677,0.42677,0.10005,0.00000,0.00120,0.00660,0.03872,0.03032,0.25080,0.01112,0.15022,0.45670,0.05430,0.00182,0.01772,0.00920,0.03202,0.03430,0.20710,0.02850,0.11405,0.37957,0.17570,0.00000,0.00000,0.00000,0.02890,0.02380,0.25840,0.00000,0.10640,0.57760,0.00490,1.00000,0.00273,0.00086,0.00161,0.00224,0.00461,0.00214,0.00000,0.36087
0.02525,0.02750,0.01755,0.01525,0.00580,0.00105,0.00072,0.00012,0.87790,0.02885,0.08382,0.07625,0.02255,0.01490,0.01082,0.00927,0.00430,0.00115,0.68980,0.08712,0.03822,0.03562,0.00747,0.00112,0.00027,0.00000,0.00000,0.00000,0.90582,0.01145,0.09762,0.11060,0.05757,0.04920,0.09395,0.04012,0.01970,0.06117,0.17520,0.29485,0.12555,0.12772,0.04495,0.02735,0.02080,0.01930,0.01822,0.02857,0.31000,0.27752,0.10190,0.12607,0.07002,0.06407,0.07695,0.04027,0.01835,0.07525,0.11892,0.30817,0.04730,0.06670,0.04547,0.03610,0.04422,0.02750,0.00562,0.02075,0.59037,0.11595,0.09765,0.11817,0.04385,0.04300,0.03862,0.02577,0.01502,0.02122,0.33250,0.26417,0.06397,0.06492,0.03802,0.03280,0.05090,0.01895,0.00895,0.02417,0.55565,0.14165,0.78357,0.00404,0.00833,0.00692,0.00001,0.00409,0.00037,0.00222,0.41429
0.00000,0.00000,0.00905,0.04107,0.04925,0.21532,0.04477,0.11777,0.44710,0.07565,0.01760,0.04092,0.04122,0.05767,0.06172,0.15287,0.04667,0.13640,0.13300,0.31190,0.00000,0.00020,0.00712,0.03817,0.04030,0.23747,0.03270,0.13570,0.42935,0.07897,0.00000,0.00565,0.01882,0.04042,0.03985,0.19412,0.04692,0.17835,0.13317,0.34267,0.00812,0.02217,0.02022,0.03875,0.04445,0.07762,0.03602,0.10370,0.11900,0.52992,0.00040,0.00572,0.01682,0.03347,0.05362,0.19727,0.08905,0.14215,0.17217,0.28930,0.00000,0.00452,0.00670,0.02817,0.02490,0.17765,0.02182,0.11460,0.38487,0.23675,0.00000,0.00840,0.00610,0.02750,0.03375,0.19642,0.00167,0.14955,0.33805,0.23855,0.00000,0.00707,0.00535,0.02362,0.02190,0.16610,0.01542,0.10742,0.40427,0.24882,1.00000,0.00406,0.64400,0.00330,0.00214,0.00280,0.00337,0.00372,0.32857
0.00000,0.00255,0.01212,0.04402,0.05807,0.21600,0.02515,0.13572,0.37860,0.12775,0.00000,0.00000,0.00000,0.03570,0.03230,0.27495,0.00165,0.10455,0.53180,0.01905,0.00660,0.02670,0.01007,0.04015,0.04007,0.23392,0.04802,0.15355,0.09745,0.34345,0.00935,0.02732,0.03520,0.07342,0.07775,0.15572,0.03085,0.11045,0.11572,0.36420,0.00040,0.00600,0.00925,0.04847,0.04507,0.16857,0.02122,0.21085,0.25010,0.24005,0.00000,0.00000,0.00000,0.02557,0.03057,0.21792,0.00085,0.14890,0.43850,0.13767,0.01835,0.02630,0.01870,0.06030,0.05747,0.23067,0.04907,0.15605,0.19217,0.19090,0.02630,0.06947,0.04797,0.08635,0.07167,0.14272,0.02090,0.10492,0.06795,0.36172,0.00212,0.00637,0.01077,0.05832,0.06242,0.18895,0.04072,0.18707,0.26365,0.17957,1.00000,0.04406,0.00629,0.08069,0.00005,0.00786,0.00000,0.00000,0.18462
0.10137,0.11642,0.06160,0.05432,0.04472,0.07825,0.03275,0.08670,0.05430,0.36955,0.10460,0.11390,0.05180,0.07390,0.08492,0.06845,0.03250,0.07225,0.05777,0.33990,0.09765,0.12282,0.07180,0.07047,0.07075,0.07885,0.03712,0.07505,0.04617,0.32930,0.10617,0.13072,0.05892,0.05965,0.05547,0.07062,0.03877,0.08125,0.05067,0.34772,0.10375,0.11570,0.05692,0.06512,0.07490,0.08910,0.02967,0.07110,0.05402,0.33970,0.11817,0.13367,0.07752,0.06635,0.04440,0.07195,0.02537,0.07785,0.05570,0.32900,0.08950,0.11915,0.07140,0.08367,0.08037,0.06892,0.02760,0.07687,0.05187,0.33062,0.10315,0.11870,0.04627,0.07095,0.11920,0.09055,0.04842,0.06925,0.03727,0.29622,0.10232,0.11590,0.09475,0.08830,0.06270,0.08612,0.04497,0.07245,0.05047,0.28200,0.00001,1.00000,0.00015,0.00001,0.00191,0.00413,0.11923,0.15665,0.00000
0.00025,0.00327,0.00275,0.02277,0.02337,0.20532,0.00135,0.12022,0.48115,0.13952,0.00000,0.00580,0.01490,0.04635,0.06455,0.17910,0.05657,0.12565,0.11515,0.39192,0.00000,0.00000,0.00375,0.03382,0.03777,0.27162,0.05422,0.13445,0.37237,0.09197,0.00000,0.00035,0.00287,0.03362,0.04170,0.26320,0.01187,0.11105,0.48435,0.05097,0.00017,0.00487,0.01617,0.05630,0.07102,0.24817,0.06882,0.14857,0.12167,0.26420,0.00012,0.00272,0.00222,0.03412,0.02735,0.24170,0.02920,0.12662,0.40895,0.12697,0.00000,0.00027,0.00412,0.03647,0.03600,0.26362,0.03895,0.14962,0.40772,0.06320,0.00000,0.00000,0.00417,0.03790,0.02785,0.23372,0.01705,0.12310,0.49790,0.05830,0.00102,0.00657,0.00945,0.03875,0.04315,0.23302,0.04227,0.13382,0.30277,0.18915,1.00000,0.02390,0.00981,0.01923,0.03688,0.00000,0.00000,0.00000,0.23636
0.11607,0.12395,0.06597,0.06030,0.04532,0.06830,0.02910,0.07867,0.05747,0.35482,0.12932,0.11950,0.05920,0.05465,0.05200,0.06545,0.03402,0.07925,0.06000,0.34660,0.13120,0.13477,0.04420,0.03175,0.03245,0.05602,0.02710,0.08682,0.06427,0.39140,0.11692,0.12300,0.06772,0.05997,0.05032,0.05970,0.03447,0.07680,0.05940,0.35167,0.10667,0.12527,0.07502,0.06170,0.06707,0.06807,0.03460,0.07107,0.05397,0.33652,0.10075,0.12125,0.07782,0.06680,0.05680,0.07247,0.03497,0.07300,0.05080,0.34532,0.10497,0.12835,0.06762,0.06830,0.07237,0.07972,0.03362,0.06825,0.05405,0.32272,0.10672,0.12412,0.07507,0.06252,0.04512,0.06172,0.04172,0.07645,0.05755,0.34897,0.11832,0.14062,0.06327,0.04520,0.04210,0.05185,0.03472,0.07915,0.06525,0.35950,0.00001,0.00010,0.00212,1.00000,0.00004,0.00041,0.00022,0.00016,0.52977
0.00000,0.00227,0.00902,0.02605,0.03457,0.20032,0.02625,0.16200,0.24675,0.29275,0.00007,0.00517,0.00617,0.02817,0.03142,0.15800,0.01262,0.14162,0.28157,0.33515,0.00000,0.00000,0.00147,0.02930,0.02925,0.25562,0.00617,0.10392,0.56497,0.00927,0.00020,0.00515,0.00322,0.03105,0.03050,0.19122,0.02220,0.14702,0.44287,0.12655,0.00007,0.00617,0.01072,0.03492,0.04165,0.13745,0.02315,0.12705,0.20005,0.41875,0.00007,0.00287,0.00182,0.02955,0.03390,0.22475,0.01162,0.11845,0.52085,0.05610,0.00077,0.00395,0.00962,0.03442,0.03970,0.20577,0.01272,0.14005,0.45175,0.10122,0.00005,0.00220,0.00695,0.03600,0.05042,0.16242,0.03715,0.20372,0.20137,0.29970,0.00132,0.00705,0.00795,0.03442,0.05595,0.16037,0.03157,0.18390,0.21027,0.30717,1.00000,0.65729,0.04338,0.02827,0.03858,0.04000,0.03200,0.00504,0.52074
0.06200,0.04675,0.02615,0.08212,0.07640,0.13210,0.04850,0.07725,0.04757,0.40115,0.05672,0.05062,0.03165,0.07265,0.07670,0.18025,0.06222,0.08552,0.04585,0.33780,0.07422,0.05435,0.02175,0.04755,0.05637,0.14435,0.07440,0.10220,0.05967,0.36512,0.07437,0.06125,0.02177,0.05132,0.05502,0.13422,0.07480,0.09837,0.05375,0.37510,0.07992,0.06522,0.02335,0.06472,0.06272,0.13105,0.07482,0.10175,0.05485,0.34157,0.06717,0.06850,0.02442,0.04712,0.05795,0.14450,0.07737,0.10087,0.04422,0.36785,0.03315,0.04692,0.02277,0.06395,0.05787,0.18975,0.03607,0.09962,0.06430,0.38557,0.04345,0.04375,0.03455,0.07905,0.07092,0.13995,0.03067,0.07472,0.04667,0.43625,0.03062,0.02985,0.01402,0.03985,0.03765,0.20695,0.03192,0.10650,0.33940,0.16322,1.00000,0.02699,0.01285,0.01159,0.02854,0.05280,0.00000,0.00000,0.18497
0.00000,0.00000,0.00837,0.03742,0.05122,0.22447,0.06490,0.16095,0.28462,0.16802,0.00982,0.02512,0.00815,0.05927,0.06095,0.20170,0.02525,0.15277,0.22372,0.23322,0.00000,0.00002,0.00405,0.04660,0.05570,0.25322,0.01107,0.13405,0.40170,0.09357,0.00085,0.01840,0.02552,0.06297,0.08990,0.16635,0.04005,0.12292,0.08500,0.38802,0.00140,0.00960,0.02295,0.07697,0.08497,0.21542,0.03512,0.12767,0.11687,0.30900,0.00372,0.01550,0.01642,0.08312,0.08015,0.23720,0.03857,0.11590,0.09377,0.31562,0.00027,0.00267,0.00847,0.05547,0.07060,0.22512,0.07270,0.18507,0.13180,0.24780,0.00012,0.00330,0.00962,0.08680,0.07790,0.16837,0.10045,0.18690,0.10047,0.26605,0.00027,0.00587,0.01080,0.06105,0.06192,0.24245,0.07017,0.19700,0.14990,0.20055,1.00000,0.00000,0.00000,0.00000,0.00000,0.00000,0.00000,0.00000,0.08929
0.12320,0.13570,0.04220,0.03655,0.03975,0.05212,0.02245,0.07827,0.06645,0.40330,0.11835,0.13770,0.05237,0.04125,0.03310,0.05472,0.02627,0.07715,0.06567,0.39340,0.12047,0.13325,0.04320,0.03510,0.04220,0.04732,0.02292,0.07667,0.06590,0.41295,0.12667,0.13255,0.04922,0.03277,0.03430,0.05492,0.02272,0.07867,0.06622,0.40192,0.11492,0.13130,0.06447,0.05150,0.04102,0.06362,0.02642,0.07707,0.06052,0.36912,0.12285,0.13125,0.05327,0.04095,0.03970,0.05685,0.02352,0.07732,0.06360,0.39067,0.11535,0.14017,0.05065,0.04095,0.03377,0.04465,0.02457,0.07695,0.06527,0.40765,0.12132,0.13392,0.05045,0.03777,0.03200,0.05845,0.02532,0.07620,0.06295,0.40160,0.11655,0.13137,0.05297,0.04717,0.04105,0.04637,0.02020,0.07827,0.06672,0.39930,1.00000,0.18493,0.02504,0.00010,0.00016,0.00001,0.00040,0.00533,0.00000
0.05270,0.12067,0.05000,0.06730,0.05847,0.06835,0.01412,0.04130,0.21505,0.31202,0.08135,0.11687,0.05297,0.07032,0.06422,0.08047,0.01545,0.03705,0.22062,0.26065,0.05320,0.09302,0.05275,0.05515,0.06032,0.05645,0.00892,0.00322,0.34877,0.26817,0.06140,0.11375,0.07367,0.08667,0.07207,0.06627,0.01680,0.04412,0.17652,0.28870,0.11077,0.11647,0.04127,0.04962,0.07305,0.04882,0.01892,0.06152,0.17072,0.30880,0.06090,0.07575,0.03765,0.06570,0.07415,0.08735,0.02222,0.06775,0.18077,0.32775,0.05337,0.07180,0.05585,0.08587,0.08070,0.10562,0.01857,0.06012,0.27515,0.19292,0.11510,0.11457,0.04580,0.04355,0.05022,0.03550,0.02022,0.04667,0.25967,0.26867,0.03232,0.06465,0.03975,0.09607,0.10547,0.15870,0.02702,0.09152,0.07597,0.30850,0.31667,0.65743,0.08968,0.00101,0.00003,0.00002,0.00001,0.10092,0.43792
0.01602,0.04170,0.03795,0.05850,0.05527,0.17970,0.07405,0.13425,0.13117,0.27137,0.02110,0.04642,0.04755,0.07802,0.08670,0.13540,0.05950,0.14160,0.12827,0.25542,0.01070,0.05670,0.03200,0.04410,0.05747,0.17135,0.04522,0.11705,0.28667,0.17872,0.00517,0.02690,0.03382,0.07425,0.07617,0.16332,0.05527,0.13372,0.17987,0.25147,0.03470,0.08767,0.06320,0.07670,0.05347,0.06677,0.02907,0.08202,0.06227,0.44410,0.00787,0.03250,0.02385,0.05707,0.05352,0.15697,0.06110,0.11632,0.28017,0.21060,0.01252,0.03790,0.02862,0.04385,0.04397,0.16205,0.04827,0.11690,0.26215,0.24375,0.00602,0.06195,0.04927,0.06957,0.06682,0.08692,0.03610,0.08330,0.06262,0.47740,0.00872,0.03315,0.01462,0.04397,0.05190,0.15097,0.06427,0.13645,0.22890,0.26702,1.00000,0.00149,0.00168,0.04305,0.03327,0.00156,0.00536,0.00000,0.22581
0.09315,0.11750,0.06167,0.09217,0.10025,0.08095,0.03422,0.06087,0.04752,0.31167,0.07700,0.10562,0.10440,0.10822,0.11085,0.11207,0.04432,0.05442,0.03610,0.24697,0.09580,0.11597,0.07697,0.10075,0.08130,0.08070,0.03465,0.06430,0.04360,0.30595,0.08122,0.12252,0.07062,0.09160,0.09822,0.08670,0.03447,0.07092,0.06045,0.28325,0.11582,0.12745,0.07032,0.06602,0.06270,0.05507,0.02937,0.07607,0.05922,0.33792,0.09575,0.10795,0.09365,0.10155,0.06870,0.06385,0.03525,0.07370,0.07005,0.28955,0.08060,0.09605,0.05442,0.04382,0.04140,0.08120,0.03152,0.09910,0.09202,0.37985,0.07440,0.09687,0.06692,0.09287,0.08945,0.08530,0.02660,0.08077,0.07870,0.30810,0.10885,0.12092,0.05525,0.07382,0.09410,0.09027,0.03407,0.06312,0.04630,0.31327,0.00004,0.00012,1.00000,0.00064,0.00042,0.00029,0.00015,0.00013,0.00000
0.09545,0.13775,0.07787,0.07105,0.05287,0.05940,0.03025,0.07175,0.05517,0.34842,0.07675,0.13077,0.05957,0.05722,0.03372,0.05767,0.03400,0.07945,0.05515,0.41567,0.11842,0.13952,0.05762,0.04317,0.03652,0.05872,0.02312,0.07605,0.06767,0.37915,0.08897,0.12647,0.07605,0.06312,0.04085,0.05115,0.02967,0.07990,0.06047,0.38332,0.05997,0.11812,0.05975,0.05965,0.04182,0.06815,0.02947,0.07137,0.06080,0.43087,0.08947,0.12475,0.05327,0.06947,0.06017,0.06812,0.02817,0.06647,0.05870,0.38137,0.13852,0.12590,0.04385,0.03375,0.02742,0.04530,0.03750,0.07740,0.06630,0.40405,0.07917,0.11947,0.05990,0.05472,0.04977,0.06407,0.03587,0.07265,0.05700,0.40735,0.12615,0.13782,0.06130,0.03457,0.03022,0.04835,0.02280,0.07747,0.06835,0.39295,1.00000,0.00055,0.00046,0.00178,0.00003,0.00000,0.01218,0.00002,0.50000
0.02360,0.07240,0.06870,0.07957,0.06890,0.12750,0.04150,0.08157,0.07677,0.35947,0.01975,0.08985,0.03720,0.06765,0.04257,0.08680,0.04492,0.09927,0.07712,0.43485,0.01135,0.05390,0.04042,0.05515,0.05155,0.10420,0.05727,0.09760,0.06187,0.46667,0.00575,0.02100,0.04880,0.08380,0.07435,0.13477,0.09145,0.14047,0.09765,0.30195,0.00290,0.02620,0.04065,0.05605,0.06920,0.13240,0.10150,0.14095,0.07477,0.35537,0.00357,0.01297,0.02115,0.04995,0.07065,0.17262,0.09695,0.12840,0.10127,0.34245,0.00967,0.03050,0.02172,0.04440,0.05967,0.18020,0.07725,0.12722,0.13825,0.31110,0.00942,0.04057,0.03397,0.06000,0.07490,0.10855,0.05440,0.10440,0.08715,0.42662,0.00070,0.00677,0.01535,0.06482,0.07190,0.16987,0.07085,0.14252,0.12922,0.32797,1.00000,0.01175,0.00716,0.00183,0.00187,0.00289,0.00139,0.00131,0.46535
0.00000,0.00215,0.00260,0.03400,0.04117,0.22070,0.01827,0.17455,0.43407,0.07247,0.00032,0.00655,0.00820,0.03947,0.04700,0.15792,0.03842,0.15525,0.16190,0.38495,0.00000,0.00005,0.00182,0.04640,0.05565,0.19315,0.03815,0.16367,0.40965,0.09145,0.00252,0.01860,0.00767,0.03320,0.04472,0.15447,0.02957,0.18410,0.25560,0.26952,0.00002,0.01210,0.02092,0.04352,0.06357,0.18012,0.09235,0.14575,0.20307,0.23855,0.00000,0.00130,0.00985,0.03555,0.04292,0.17397,0.05277,0.21152,0.24327,0.22882,0.00062,0.01575,0.01055,0.03432,0.03522,0.16280,0.05410,0.21077,0.18302,0.29282,0.00017,0.00402,0.01107,0.04422,0.06787,0.14625,0.05450,0.14862,0.30022,0.22302,0.00022,0.00205,0.00245,0.02987,0.03352,0.22175,0.02195,0.17855,0.39782,0.11180,1.00000,0.10395,0.09041,0.58183,0.00000,0.00000,0.00000,0.00000,0.25000
0.00870,0.04400,0.08400,0.13632,0.23325,0.13982,0.02165,0.03725,0.02375,0.27125,0.03197,0.07907,0.06732,0.16057,0.21017,0.11457,0.04422,0.03925,0.02830,0.22452,0.03465,0.06962,0.04727,0.08630,0.16130,0.09137,0.05765,0.05565,0.04392,0.35225,0.05112,0.09370,0.10407,0.09457,0.10202,0.10620,0.04560,0.06277,0.03555,0.30437,0.05222,0.08990,0.08842,0.15925,0.25680,0.12827,0.01207,0.03395,0.02317,0.15592,0.03140,0.07880,0.07142,0.14627,0.26147,0.13265,0.02315,0.03115,0.01825,0.20542,0.01722,0.05032,0.03450,0.12537,0.19410,0.10790,0.02507,0.05342,0.11560,0.27647,0.02980,0.09785,0.03705,0.03170,0.04672,0.09115,0.00930,0.06902,0.41655,0.17085,0.02307,0.05677,0.05625,0.10545,0.10455,0.07687,0.01795,0.06145,0.22927,0.26835,1.00000,0.88875,0.02047,0.00138,0.00018,0.03684,0.00018,0.00194,0.28571
0.00275,0.00902,0.01095,0.03762,0.04945,0.18657,0.03552,0.17122,0.26490,0.23197,0.00007,0.01187,0.01622,0.04657,0.04130,0.21690,0.04995,0.16652,0.17602,0.27455,0.00102,0.00967,0.00732,0.04485,0.03437,0.20172,0.03960,0.13992,0.32057,0.20092,0.00510,0.01950,0.02295,0.04120,0.04862,0.11242,0.07187,0.18927,0.10345,0.38560,0.00137,0.01265,0.01272,0.04155,0.05535,0.10640,0.06032,0.15745,0.14642,0.40575,0.00162,0.01772,0.02142,0.05352,0.04992,0.15217,0.05597,0.18047,0.17840,0.28875,0.00000,0.00095,0.01150,0.03232,0.04645,0.19135,0.04432,0.24550,0.23192,0.19567,0.00000,0.00002,0.00220,0.04322,0.06055,0.19745,0.04020,0.21255,0.22952,0.21427,0.00000,0.00142,0.00827,0.03282,0.03782,0.23417,0.02690,0.18535,0.34342,0.12980,1.00000,0.00158,0.00192,0.00000,0.00000,0.00000,0.00000,0.00000,0.21239
0.01965,0.02902,0.00105,0.01100,0.02410,0.15685,0.00837,0.12610,0.56032,0.06352,0.09577,0.13157,0.05177,0.07030,0.07612,0.08605,0.02467,0.07070,0.06302,0.33000,0.01595,0.04045,0.00085,0.00900,0.01982,0.15570,0.00452,0.12112,0.56302,0.06955,0.03100,0.05905,0.00357,0.00845,0.01477,0.16107,0.00175,0.13277,0.51927,0.06827,0.10617,0.11727,0.09172,0.08997,0.06802,0.05822,0.02910,0.06912,0.05842,0.31195,0.02755,0.05240,0.00377,0.00697,0.01102,0.14662,0.00202,0.11672,0.54930,0.08360,0.01857,0.03762,0.00260,0.01162,0.01740,0.15680,0.00205,0.11720,0.55980,0.07632,0.06330,0.09945,0.08997,0.10002,0.07962,0.13510,0.02072,0.09102,0.08685,0.23392,0.01025,0.02047,0.00067,0.01142,0.02120,0.17635,0.00522,0.11510,0.57252,0.06677,1.00000,0.00075,0.00247,0.00032,0.00022,0.00048,0.00159,0.00059,0.33333
0.00090,0.01302,0.01282,0.04530,0.04567,0.13827,0.03617,0.16450,0.21340,0.32992,0.00192,0.01395,0.01562,0.04415,0.05980,0.11887,0.04215,0.18532,0.21432,0.30387,0.00005,0.00197,0.01405,0.04557,0.03890,0.21637,0.04535,0.15462,0.33280,0.15030,0.00092,0.00427,0.00965,0.04395,0.06270,0.16470,0.04925,0.14687,0.23960,0.27807,0.00020,0.00262,0.00507,0.03607,0.05515,0.17530,0.03877,0.14205,0.35282,0.19192,0.00330,0.00917,0.01252,0.03760,0.03962,0.21930,0.02017,0.13220,0.41552,0.11057,0.00070,0.00365,0.00757,0.03505,0.03412,0.23427,0.01492,0.11092,0.53215,0.02662,0.00080,0.00827,0.02377,0.06090,0.05560,0.16310,0.04587,0.12825,0.09147,0.42195,0.00062,0.01045,0.01147,0.03910,0.03922,0.25507,0.04992,0.16127,0.15340,0.27945,1.00000,0.04789,0.00439,0.00247,0.00445,0.00501,0.00498,0.00439,0.26642
0.00080,0.00877,0.00982,0.04882,0.07370,0.16447,0.09730,0.19852,0.10750,0.29027,0.00065,0.00212,0.00135,0.03312,0.02765,0.24157,0.00530,0.10850,0.56127,0.01845,0.00090,0.00525,0.00280,0.03515,0.02995,0.23525,0.00887,0.11267,0.52802,0.04112,0.00000,0.00692,0.01270,0.05605,0.06220,0.17995,0.10417,0.19612,0.08895,0.29292,0.00607,0.01225,0.01362,0.03952,0.03847,0.23517,0.03747,0.11830,0.42767,0.07142,0.00000,0.00000,0.00000,0.02890,0.02380,0.25840,0.00000,0.10640,0.57760,0.00490,0.00255,0.02100,0.02390,0.05365,0.06742,0.15012,0.09170,0.15597,0.22395,0.20972,0.00975,0.05157,0.04000,0.04382,0.03762,0.07260,0.02147,0.08455,0.05782,0.58077,0.00077,0.01787,0.02355,0.04905,0.04467,0.16525,0.06990,0.15940,0.15102,0.31850,1.00000,0.52568,0.00217,0.00513,0.00274,0.00291,0.00553,0.00000,0.11290
0.03980,0.07067,0.02645,0.04037,0.03227,0.07147,0.01887,0.09047,0.07807,0.53152,0.08160,0.11400,0.03272,0.02675,0.02267,0.05377,0.01252,0.08560,0.07877,0.49157,0.07992,0.11182,0.03447,0.02290,0.02257,0.05067,0.01400,0.08997,0.07117,0.50247,0.06207,0.08992,0.03875,0.04655,0.03565,0.06965,0.01035,0.08552,0.08575,0.47577,0.11570,0.13327,0.03207,0.02725,0.02955,0.05602,0.00870,0.07802,0.08320,0.43620,0.11522,0.13532,0.02670,0.02287,0.02397,0.05142,0.00737,0.08050,0.08280,0.45380,0.04685,0.07965,0.03240,0.04342,0.03207,0.06657,0.01402,0.08460,0.08325,0.51715,0.08427,0.12805,0.03135,0.02957,0.02822,0.04560,0.01097,0.08387,0.08242,0.47565,0.09202,0.12285,0.02597,0.02587,0.02390,0.04535,0.00810,0.08410,0.08412,0.48770,1.00000,0.84474,0.00000,0.00000,0.00000,0.00000,0.00000,0.00000,0.30474
0.06450,0.05640,0.04562,0.05085,0.06755,0.03597,0.02275,0.01687,0.50260,0.13687,0.08040,0.10007,0.06527,0.08545,0.08850,0.06707,0.02570,0.04800,0.20530,0.23422,0.05032,0.05220,0.06447,0.06827,0.07500,0.04280,0.02077,0.01310,0.49807,0.11497,0.09245,0.08827,0.03972,0.08452,0.10375,0.06112,0.03090,0.05157,0.20247,0.24520,0.12250,0.12790,0.08142,0.05472,0.05962,0.07680,0.04492,0.06982,0.05270,0.30957,0.05962,0.09300,0.07887,0.10795,0.12562,0.07922,0.03035,0.04102,0.19315,0.19117,0.05217,0.04987,0.05912,0.07660,0.09407,0.04792,0.01955,0.01377,0.49162,0.09527,0.08957,0.11107,0.05002,0.09412,0.10187,0.08107,0.03115,0.04995,0.13880,0.25235,0.05050,0.06120,0.06060,0.05415,0.05790,0.04410,0.01247,0.01627,0.53255,0.11025,0.83000,0.00079,0.00034,0.02169,0.00074,0.00079,0.00034,0.00077,0.45902
0.04437,0.11810,0.02742,0.05142,0.05155,0.06742,0.02512,0.08900,0.06642,0.45915,0.03027,0.05787,0.02402,0.05297,0.05960,0.14920,0.04520,0.12135,0.13602,0.32347,0.01615,0.03737,0.03522,0.09827,0.12270,0.21242,0.03350,0.10147,0.17250,0.17037,0.05992,0.09702,0.03300,0.03930,0.02752,0.07502,0.02982,0.11317,0.07800,0.44720,0.01820,0.03650,0.01472,0.03797,0.03265,0.21592,0.02085,0.10820,0.32895,0.18602,0.01832,0.07022,0.05977,0.10302,0.07177,0.18672,0.03240,0.08482,0.05492,0.31800,0.03220,0.05427,0.01362,0.03547,0.02662,0.16487,0.02777,0.14387,0.21050,0.29077,0.01797,0.05565,0.01495,0.03682,0.03495,0.17510,0.02400,0.11467,0.25097,0.27490,0.03845,0.06280,0.03475,0.05087,0.03357,0.13895,0.02932,0.10410,0.09130,0.41587,1.00000,0.01714,0.00543,0.00543,0.00000,0.00000,0.00000,0.00000,0.11321
